49324,990000.00,347164.81,976948.63,355446.44,964249.00,360844.53,82006.96,79071.64
110231,990000.00,349265.53,978370.69,355861.28,964350.94,360502.28,82690.52,79169.71
170144,990000.00,347574.56,976238.25,354665.88,963977.56,360530.97,81404.72,82174.90
230056,990000.00,350499.28,974948.81,354132.19,964162.38,360287.97,83157.75,79769.48
289971,990000.00,349669.50,974510.50,356065.09,964943.06,360136.78,83953.07,80547.45
349883,990000.00,348877.72,974293.31,355507.22,963890.69,361836.13,83685.52,79433.95
409797,990000.00,347816.63,973889.56,353310.31,964388.50,363259.53,83560.30,80234.11
469711,990000.00,348099.41,974061.06,354783.66,964260.19,361305.88,82080.73,79615.82
529627,990000.00,347147.22,973843.94,354980.16,964392.25,361590.88,83014.36,80136.74
589541,990000.00,348608.75,973813.50,354849.75,964328.06,362786.03,83920.02,79845.13
649455,990000.00,346228.00,973558.19,350852.50,964569.63,359381.38,82435.02,79656.41
709370,990000.00,348815.88,973653.56,352920.28,964347.31,360745.41,82526.95,79438.44
769285,990000.00,348078.16,973402.06,355026.53,964407.38,361149.03,83034.89,79781.87
829198,990000.00,351557.66,973603.88,353427.88,964362.19,360315.00,90934.84,79087.34
889111,990000.00,348203.84,973832.56,358403.94,966487.69,357562.38,92305.97,81974.04
49331,974377.38,341017.66,971599.69,345222.13,964222.56,350914.56,55147.55,51693.66
49327,974304.69,339026.47,971170.38,350350.22,964335.88,357166.31,54841.41,56032.79
49313,990000.00,343476.44,990000.00,355373.16,964098.19,347821.81,39298.43,39172.98
49318,990000.00,339806.44,990000.00,346757.19,964343.44,347108.28,38109.41,37590.96
49327,979239.31,336443.44,971500.81,346254.56,964486.56,351390.53,48120.92,41591.38
49282,19.35,29.03,20.30,29.98,19.35,34.82,49.33,38.71
110038,31.86,62.90,32.93,64.91,34.82,79.43,27.14,43.55
169831,0.00,205.23,0.00,186.82,14.52,240.99,9.68,295.28
229626,0.94,274.86,0.00,217.74,14.52,253.62,9.68,378.60
289423,0.00,264.24,0.00,149.06,8.73,299.06,8.73,207.24
49282,0.00,299.06,0.00,229.43,9.68,216.80,9.68,335.99
110043,0.00,206.18,0.00,196.50,0.00,350.51,11.57,274.86
169837,0.00,276.87,0.00,96.77,18.41,314.63,6.84,415.30
229632,0.00,310.74,0.00,256.45,15.46,228.48,12.51,285.60
289430,0.00,230.37,0.00,279.70,12.51,261.41,11.57,357.24
349229,0.00,302.95,0.94,161.68,9.68,266.25,4.84,264.24
409023,0.00,294.33,0.00,228.48,10.62,287.49,8.73,295.28
468818,0.00,263.30,0.00,233.20,9.68,316.52,14.52,346.62
528616,0.00,262.35,0.00,175.14,8.73,364.91,6.84,278.76
588411,0.00,279.70,0.00,191.66,19.35,287.49,16.40,416.36
648209,0.00,261.41,0.00,260.35,12.51,268.14,10.62,336.94
708008,0.00,264.24,0.00,164.63,12.51,332.10,15.46,333.99
767807,0.00,258.46,0.00,222.70,10.62,336.94,7.79,252.67
827603,0.00,276.87,0.00,274.86,8.73,354.41,7.79,304.01
887399,0.00,282.65,0.00,256.45,9.68,392.05,21.36,321.36
947196,0.00,281.71,0.00,186.82,11.57,313.69,12.51,428.87
1006995,0.00,260.35,0.00,284.66,15.46,270.14,11.57,369.87
1066796,0.00,276.87,0.00,216.80,13.57,217.74,6.84,302.01
1126594,0.00,243.94,0.00,225.53,8.73,282.65,5.90,309.80
1186390,0.00,269.20,0.00,235.21,7.79,260.35,15.46,340.72
1246187,0.00,296.22,0.00,243.00,11.57,254.56,10.62,278.76
1305987,0.00,243.00,0.00,202.28,12.51,300.12,5.90,270.14
1365784,0.00,300.12,0.00,199.45,14.52,291.38,10.62,369.87
1425584,0.00,253.62,0.00,219.75,28.09,329.15,8.73,352.40
1485382,0.00,296.22,0.94,224.59,4.84,333.99,11.57,294.33
1545180,0.00,322.30,0.00,209.13,12.51,249.84,12.51,298.11
1604979,0.00,218.80,0.00,293.39,11.57,286.55,16.40,280.76
1664781,0.00,315.58,0.00,194.49,11.57,294.33,19.35,427.93
1724581,0.00,196.50,0.00,160.74,9.68,302.95,12.51,376.59
1784379,0.00,218.80,0.00,172.31,8.73,304.96,9.68,337.88
1844174,0.00,225.53,0.94,243.94,12.51,383.32,13.57,408.58
1903975,0.00,229.43,0.00,273.92,4.84,271.09,9.68,336.94
1963770,0.00,243.94,0.00,220.69,9.68,311.80,13.57,270.14
2023570,0.00,318.41,0.00,211.01,11.57,288.55,9.68,393.12
2083367,0.00,166.52,0.00,237.10,10.62,288.55,12.51,423.09
2143166,0.00,299.06,0.00,246.89,9.68,259.40,7.79,402.79
2202959,0.00,298.11,0.00,146.22,16.40,255.51,13.57,353.34
2262760,0.00,210.07,0.00,235.21,8.73,336.94,14.52,364.91
2322556,0.00,262.35,0.00,188.83,13.57,302.95,11.57,354.41
2382355,0.00,219.75,0.00,172.31,7.79,338.83,11.57,374.70
2442152,0.00,275.81,0.00,253.62,12.51,269.20,11.57,327.26
2501953,0.00,281.71,0.00,237.10,19.35,431.82,6.84,359.24
2561750,0.00,245.95,0.00,158.73,4.84,323.37,13.57,473.48
2621546,0.00,245.95,0.00,240.05,14.52,311.80,9.68,351.46
2681344,0.00,243.94,0.00,215.85,22.31,280.76,13.57,341.66
2741142,0.00,265.30,0.00,233.20,14.52,252.67,7.79,341.66
2800940,0.00,260.35,0.00,256.45,9.68,314.63,10.62,362.08
2860739,0.00,227.54,0.00,204.29,14.52,350.51,6.84,369.87
2920536,0.00,250.79,0.00,240.99,21.36,399.84,7.79,363.02
2980333,0.00,219.75,0.00,230.37,8.73,354.41,14.52,310.74
3040132,0.00,221.64,0.00,203.34,5.90,346.62,7.79,316.52
3099927,0.00,192.60,0.00,258.46,11.57,369.87,5.90,391.11
3159726,0.00,249.84,0.00,200.39,13.57,313.69,4.84,404.68
3219524,0.00,297.17,0.00,221.64,5.90,316.52,4.84,329.15
3279320,0.00,184.93,0.00,312.75,5.90,327.26,15.46,312.75
3339117,0.00,257.51,0.00,214.91,15.46,393.12,8.73,315.58
3398916,0.00,245.95,0.00,244.89,6.84,382.38,22.31,328.21
3458714,0.00,231.31,0.00,187.88,9.68,282.65,8.73,325.26
3518510,0.00,258.46,0.00,216.80,13.57,252.67,9.68,395.00
3578307,0.00,286.55,0.00,264.24,9.68,378.60,11.57,364.91
3638107,0.00,276.87,0.00,271.09,13.57,355.35,6.84,353.34
3697903,0.00,281.71,0.00,176.20,13.57,338.83,17.47,403.74
3757703,0.00,220.69,0.94,203.34,10.62,320.42,9.68,438.55
3817501,0.00,240.05,0.00,196.50,5.90,296.22,6.84,290.44
3877299,0.00,401.85,0.00,240.05,18.41,252.67,9.68,376.59
3937096,0.00,231.31,0.00,187.88,16.40,317.47,7.79,350.51
3996894,0.00,235.21,0.00,229.43,20.30,317.47,5.90,326.20
4056693,0.00,246.89,0.00,242.05,12.51,300.12,8.73,449.29
4116491,0.00,273.92,0.00,199.45,11.57,297.17,13.57,423.09
4176291,0.00,272.97,0.00,239.10,13.57,248.78,11.57,374.70
4236092,0.00,247.84,0.00,175.14,22.31,299.06,8.73,342.72
4295888,0.00,269.20,0.00,181.04,7.79,340.72,20.30,381.43
4355687,0.00,254.56,0.00,206.18,10.62,305.90,11.57,405.63
4415486,0.00,244.89,0.00,274.86,4.84,259.40,8.73,314.63
4475282,0.00,281.71,0.00,163.57,6.84,281.71,11.57,293.39
4535080,0.00,254.56,0.00,254.56,14.52,338.83,12.51,366.92
4594881,0.00,224.59,0.00,205.23,14.52,252.67,12.51,316.52
4654682,0.00,289.50,0.00,181.04,11.57,326.20,9.68,345.55
4714479,0.00,238.16,0.00,275.81,6.84,247.84,7.79,365.97
4774274,0.00,262.35,0.00,244.89,15.46,318.41,8.73,424.15
4834071,0.00,243.94,0.00,212.90,16.40,273.92,13.57,291.38
4893869,0.00,257.51,0.00,272.97,6.84,318.41,3.89,360.19
4953664,0.00,298.11,0.00,302.95,8.73,324.31,11.57,274.86
5013463,0.00,331.16,0.00,205.23,2.01,313.69,11.57,392.05
5073258,0.00,233.20,0.00,245.95,16.40,306.84,13.57,399.84
5133059,0.00,234.26,0.00,208.18,15.46,304.96,14.52,371.75
5192858,0.00,234.26,0.00,195.55,5.90,246.89,14.52,366.92
5252655,0.00,227.54,0.00,344.61,16.40,398.90,12.51,322.30
5312454,0.00,286.55,0.00,174.19,10.62,339.77,5.90,394.06
5372251,0.00,248.78,0.00,185.88,6.84,347.56,6.84,333.99
5432046,0.00,318.41,0.00,230.37,4.84,354.41,9.68,458.97
5491843,0.00,221.64,0.00,233.20,13.57,344.61,14.52,519.98
5551644,0.00,340.72,0.00,243.00,18.41,348.50,7.79,363.02
5611443,0.00,335.05,0.00,296.22,19.35,292.45,12.51,351.46
5671242,0.00,233.20,0.00,302.95,18.41,222.70,10.62,338.83
5731044,0.00,228.48,0.00,196.50,21.36,276.87,9.68,351.46
5790842,0.00,221.64,0.00,238.16,8.73,272.97,11.57,398.90
5850639,0.00,181.98,0.00,280.76,15.46,349.45,8.73,385.33
5910438,0.00,276.87,0.94,277.81,12.51,376.59,8.73,331.16
5970237,0.00,224.59,0.00,217.74,12.51,253.62,9.68,411.41
6030034,0.00,306.84,0.00,256.45,8.73,268.14,8.73,367.86
6089831,0.00,309.80,0.00,240.05,9.68,240.99,19.35,338.83
6149628,0.00,256.45,0.00,208.18,10.62,329.15,6.84,348.50
6209426,0.00,310.74,0.00,251.73,15.46,287.49,8.73,359.24
6269223,0.00,289.50,0.00,181.98,10.62,310.74,13.57,371.75
6329025,0.00,246.89,0.00,221.64,8.73,310.74,9.68,356.29
6388820,0.00,221.64,0.00,188.83,3.89,226.59,6.84,297.17
6448615,0.00,187.88,0.00,230.37,7.79,200.39,12.51,406.57
6508413,0.00,258.46,0.00,186.82,6.84,299.06,13.57,348.50
6568213,0.00,245.95,0.00,259.40,16.40,267.19,19.35,410.46
6628013,0.00,258.46,0.00,172.31,5.90,365.97,13.57,388.16
6687810,0.00,234.26,0.00,231.31,5.90,261.41,15.46,243.00
6747609,0.00,187.88,0.00,149.06,13.57,357.24,11.57,374.70
6807429,0.00,268.14,0.00,255.51,14.52,267.19,7.79,355.35
6867226,0.00,313.69,0.00,190.72,3.89,284.66,5.90,322.30
6927021,0.00,308.85,0.94,213.85,8.73,309.80,8.73,368.80
6986818,0.00,327.26,2.01,264.24,11.57,306.84,5.90,344.61
7046616,0.00,188.83,0.00,258.46,4.84,363.97,10.62,439.61
7106414,0.00,243.94,0.00,262.35,11.57,351.46,9.68,342.72
7166214,0.00,243.94,0.00,197.44,8.73,310.74,20.30,410.46
7226010,0.00,268.14,0.00,254.56,12.51,295.28,8.73,333.99
7285809,0.00,255.51,0.00,170.30,14.52,341.66,12.51,337.88
7346573,0.00,244.89,0.00,237.10,8.73,325.26,18.41,384.26
7406368,0.00,210.07,0.00,172.31,9.68,299.06,12.51,335.99
7466167,0.00,362.08,0.94,238.16,12.51,335.99,9.68,333.99
7525964,0.00,264.24,0.00,205.23,3.89,243.00,3.89,432.77
7585758,0.00,271.09,0.00,224.59,9.68,252.67,6.84,441.50
7645552,0.00,295.28,0.94,272.97,11.57,441.50,6.84,386.27
7705350,0.00,194.49,0.94,211.01,15.46,337.88,5.90,282.65
7765147,0.00,283.60,0.00,200.39,17.47,311.80,12.51,380.49
7824947,0.00,226.59,0.00,218.80,6.84,339.77,10.62,441.50
7884742,0.00,268.14,0.00,227.54,8.73,319.47,4.84,256.45
7944538,0.00,281.71,0.00,207.24,20.30,305.90,14.52,421.20
8004337,0.00,301.06,0.00,279.70,16.40,320.42,17.47,394.06
8064137,0.00,296.22,0.00,187.88,9.68,313.69,5.90,338.83
8123933,0.00,201.34,0.00,236.15,14.52,363.02,8.73,342.72
8183730,0.00,275.81,0.00,271.09,13.57,272.03,8.73,330.09
8243528,0.00,227.54,0.00,185.88,15.46,278.76,10.62,361.13
8303329,0.00,268.14,0.00,228.48,7.79,341.66,11.57,363.02
8363126,0.00,291.38,0.00,278.76,12.51,228.48,9.68,418.25
8422924,0.00,211.01,2.01,249.84,7.79,322.30,2.01,322.30
8482721,0.00,240.05,0.00,245.95,5.90,378.60,5.90,424.15
8542518,0.00,248.78,0.00,238.16,8.73,340.72,9.68,409.52
8602314,0.00,265.30,0.00,198.39,9.68,392.05,2.95,400.90
8662110,0.00,243.94,0.00,254.56,3.89,272.03,14.52,395.00
8721909,0.00,318.41,0.00,256.45,2.95,408.58,18.41,421.20
8781707,0.00,195.55,0.00,224.59,5.90,300.12,7.79,366.92
8841503,0.00,240.05,0.94,285.60,5.90,326.20,10.62,293.39
8901302,0.00,322.30,0.00,263.30,6.84,291.38,8.73,328.21
8961096,0.00,351.46,0.00,218.80,11.57,322.30,15.46,394.06
9020898,0.00,259.40,0.00,192.60,4.84,331.16,24.19,415.30
9080696,0.00,242.05,0.00,252.67,10.62,320.42,14.52,398.90
9140497,0.00,287.49,0.00,224.59,17.47,252.67,11.57,389.22
9200296,0.00,214.91,0.00,152.95,19.35,318.41,11.57,274.86
9260097,0.00,251.73,0.00,288.55,22.31,305.90,11.57,296.22
9319898,0.00,279.70,0.00,240.99,7.79,430.76,7.79,335.05
9379694,0.00,277.81,0.00,230.37,12.51,276.87,11.57,275.81
9439495,0.00,255.51,0.94,262.35,8.73,332.10,10.62,272.97
9499294,0.00,304.01,0.00,296.22,12.51,288.55,14.52,390.16
9559093,0.00,201.34,0.00,196.50,13.57,389.22,9.68,272.03
9618892,0.94,316.52,0.00,302.01,10.62,279.70,16.40,351.46
9678692,0.00,254.56,0.00,218.80,8.73,258.46,10.62,335.05
9738490,0.00,294.33,0.00,191.66,5.90,325.26,9.68,292.45
9798287,0.00,255.51,0.94,248.78,5.90,252.67,4.84,343.67
9858083,0.00,278.76,0.94,245.95,15.46,221.64,2.01,464.75
9917881,0.00,251.73,0.00,263.30,14.52,377.66,12.51,264.24
9977680,0.00,315.58,0.00,181.98,15.46,331.16,13.57,316.52
10037479,0.00,197.44,0.94,187.88,12.51,349.45,7.79,369.87
10097277,0.00,274.86,0.00,258.46,13.57,335.05,5.90,424.15
10157076,0.00,302.01,0.00,210.07,17.47,352.40,9.68,367.86
10216875,0.00,240.99,0.00,213.85,8.73,304.96,6.84,376.59
10276671,0.00,247.84,0.00,206.18,5.90,350.51,12.51,397.01
10336466,0.00,269.20,0.00,195.55,13.57,357.24,17.47,361.13
10396268,0.00,286.55,0.00,211.96,7.79,257.51,18.41,366.92
10456067,0.00,260.35,0.00,191.66,13.57,333.99,13.57,368.80
10515866,0.00,280.76,0.00,217.74,9.68,408.58,11.57,472.54
10575666,0.00,319.47,0.00,225.53,3.89,367.86,11.57,426.04
10635463,0.00,268.14,0.00,199.45,8.73,353.34,18.41,481.16
10695262,0.00,273.92,0.00,258.46,16.40,466.76,16.40,321.36
10755062,0.00,186.82,0.00,175.14,7.79,368.80,6.84,405.63
10814860,0.00,275.81,0.00,202.28,14.52,287.49,2.01,358.18
10874660,0.00,314.63,0.00,190.72,7.79,234.26,13.57,320.42
10934459,0.00,298.11,0.00,276.87,9.68,264.24,10.62,366.92
10994259,0.00,287.49,0.00,268.14,8.73,345.55,21.36,347.56
11054059,0.00,280.76,0.00,237.10,12.51,317.47,6.84,258.46
11113858,0.00,344.61,0.00,203.34,7.79,275.81,12.51,444.45
11173657,0.00,209.13,0.00,253.62,15.46,373.76,14.52,408.58
11233460,0.00,285.60,0.00,178.09,6.84,406.57,13.57,432.77
11293258,0.00,279.70,0.00,272.97,8.73,302.01,8.73,333.04
11353057,0.00,352.40,0.00,231.31,7.79,280.76,11.57,310.74
11412855,0.00,265.30,0.00,265.30,4.84,242.05,14.52,400.90
11472655,0.00,270.14,0.00,245.95,15.46,286.55,8.73,319.47
11532453,0.00,309.80,0.00,208.18,6.84,289.50,6.84,307.91
11592251,0.00,335.99,0.00,242.05,15.46,365.97,11.57,343.67
11652054,0.00,211.01,0.00,223.64,12.51,282.65,16.40,354.41
11711853,0.00,258.46,0.00,227.54,14.52,299.06,14.52,312.75
11771656,0.00,325.26,0.00,206.18,7.79,297.17,10.62,293.39
11831455,0.00,328.21,0.00,224.59,22.31,372.70,8.73,376.59
11891255,0.00,245.95,0.00,263.30,8.73,281.71,6.84,369.87
11951052,0.00,237.10,0.00,275.81,14.52,374.70,10.62,409.52
12010855,0.00,304.96,0.00,272.97,9.68,304.01,9.68,394.06
12070651,0.00,212.90,0.94,178.09,13.57,339.77,12.51,418.25
12130454,0.00,297.17,0.00,137.49,7.79,347.56,5.90,329.15
12190251,0.00,298.11,0.00,203.34,2.01,319.47,14.52,277.81
12250048,0.00,281.71,0.00,203.34,20.30,414.36,9.68,357.24
12309848,0.00,266.25,0.00,210.07,11.57,291.38,12.51,408.58
12369649,0.00,265.30,0.00,180.09,13.57,321.36,4.84,352.40
12429449,0.00,233.20,0.00,220.69,10.62,374.70,8.73,384.26
12489246,0.00,209.13,0.00,258.46,17.47,333.04,9.68,310.74
12549047,0.00,252.67,0.00,190.72,13.57,295.28,15.46,306.84
12608846,0.00,202.28,0.00,240.05,6.84,272.03,7.79,453.07
12668642,0.00,236.15,0.00,261.41,7.79,264.24,13.57,332.10
12728441,0.00,268.14,0.00,198.39,9.68,367.86,12.51,382.38
12788239,0.00,270.14,0.00,243.94,15.46,379.54,17.47,280.76
12848039,0.00,290.44,0.00,248.78,18.41,337.88,12.51,354.41
12907840,0.00,209.13,0.00,235.21,8.73,333.99,10.62,295.28
12967639,0.00,311.80,0.94,268.14,13.57,243.94,10.62,351.46
13027439,0.00,310.74,0.00,260.35,8.73,315.58,13.57,541.34
13087237,0.00,206.18,0.00,278.76,10.62,332.10,11.57,371.75
13147038,0.00,218.80,0.00,280.76,11.57,321.36,15.46,408.58
13206840,0.00,369.87,0.94,309.80,5.90,300.12,21.36,463.81
13266636,0.00,323.37,0.00,240.99,11.57,264.24,6.84,291.38
13326436,0.00,261.41,0.94,248.78,11.57,289.50,11.57,398.90
13386237,0.00,245.95,0.94,204.29,8.73,332.10,11.57,368.80
13446037,0.00,315.58,0.00,211.96,14.52,381.43,5.90,394.06
13505837,0.00,245.95,0.00,223.64,15.46,345.55,6.84,384.26
13565636,0.00,316.52,0.00,248.78,23.25,282.65,10.62,438.55
13625437,0.00,288.55,0.00,240.05,7.79,316.52,11.57,422.15
13685236,0.00,321.36,0.00,257.51,7.79,342.72,7.79,395.95
13745035,0.00,289.50,0.00,187.88,22.31,312.75,16.40,366.92
13804836,0.00,296.22,2.01,223.64,7.79,422.15,3.89,356.29
13864632,0.00,272.97,0.00,296.22,6.84,289.50,15.46,353.34
13924432,0.00,325.26,0.00,292.45,10.62,280.76,8.73,355.35
13984231,0.00,272.97,0.00,238.16,13.57,291.38,13.57,409.52
14044033,0.00,260.35,0.00,212.90,8.73,244.89,13.57,426.04
14103832,0.00,266.25,0.00,191.66,10.62,271.09,15.46,335.99
14163634,0.00,207.24,0.00,178.09,14.52,306.84,4.84,433.71
14223432,0.00,291.38,0.00,204.29,13.57,330.09,8.73,302.95
14283233,0.00,285.60,0.00,219.75,17.47,415.30,11.57,382.38
14343032,0.00,299.06,0.00,205.23,13.57,361.13,14.52,323.37
14402834,0.00,327.26,0.00,253.62,5.90,404.68,13.57,319.47
14462633,0.00,271.09,0.00,281.71,10.62,262.35,8.73,336.94
14522433,0.00,233.20,0.94,223.64,10.62,306.84,16.40,346.62
14583198,0.00,258.46,0.00,227.54,4.84,323.37,11.57,476.32
14642998,0.00,310.74,0.00,272.03,8.73,292.45,13.57,299.06
14702797,0.00,242.05,0.00,285.60,10.62,300.12,8.73,295.28
14762597,0.00,206.18,0.00,259.40,7.79,293.39,7.79,270.14
14822393,0.00,314.63,2.95,206.18,9.68,324.31,13.57,405.63
14882193,0.00,240.05,0.00,209.13,5.90,329.15,15.46,472.54
14941992,0.00,257.51,0.00,232.26,6.84,344.61,7.79,354.41
15001789,0.00,260.35,2.01,223.64,20.30,315.58,19.35,435.72
15061591,0.00,307.91,0.00,238.16,15.46,314.63,15.46,271.09
15121392,0.00,244.89,0.00,269.20,11.57,281.71,19.35,419.20
15181194,0.00,242.05,0.00,260.35,8.73,424.15,9.68,337.88
15240991,0.00,285.60,0.94,186.82,8.73,366.92,14.52,482.22
15300790,0.00,301.06,0.00,181.04,10.62,272.03,12.51,371.75
15360589,0.00,263.30,0.00,224.59,13.57,413.41,17.47,397.01
15420389,0.00,301.06,0.00,254.56,13.57,300.12,16.40,467.70
15480189,0.00,231.31,0.00,221.64,9.68,273.92,5.90,434.66
15539987,0.00,301.06,0.00,317.47,19.35,390.16,10.62,299.06
15599785,0.00,291.38,0.00,277.81,18.41,395.95,13.57,402.79
15659586,0.00,240.05,0.00,274.86,12.51,417.31,15.46,354.41
15719388,0.00,227.54,0.00,205.23,8.73,288.55,9.68,371.75
15779182,0.00,208.18,0.00,187.88,8.73,293.39,12.51,367.86
15838981,0.00,271.09,0.00,258.46,2.95,325.26,10.62,390.16
15898780,0.00,247.84,0.00,199.45,7.79,424.15,4.84,527.65
15958577,0.00,268.14,0.00,228.48,14.52,344.61,9.68,393.12
16018375,0.00,239.10,0.00,211.01,8.73,327.26,16.40,401.85
16078175,0.00,275.81,0.00,256.45,5.90,374.70,7.79,398.90
16137971,0.00,284.66,0.00,269.20,8.73,293.39,9.68,324.31
16197768,0.00,272.97,0.00,248.78,0.00,376.59,17.47,364.91
16257567,0.00,272.97,0.00,272.97,10.62,418.25,7.79,371.75
16317367,0.00,270.14,0.00,221.64,8.73,395.95,10.62,407.51
16377165,0.00,290.44,0.00,180.09,13.57,330.09,8.73,398.90
16436964,0.94,256.45,0.94,201.34,7.79,417.31,11.57,373.76
16496764,0.00,281.71,0.00,282.65,3.89,427.93,8.73,368.80
16556561,0.00,362.08,0.00,247.84,8.73,397.95,7.79,322.30
16616359,0.00,212.90,0.00,213.85,20.30,302.95,14.52,379.54
16676160,0.00,273.92,0.00,253.62,10.62,381.43,2.01,392.05
16735960,0.00,260.35,0.00,270.14,15.46,295.28,8.73,426.99
16795759,0.00,287.49,0.00,213.85,14.52,451.18,5.90,374.70
16855560,0.00,251.73,0.00,148.11,12.51,381.43,6.84,370.81
16915358,0.00,216.80,0.00,247.84,11.57,340.72,11.57,429.82
16975160,0.00,249.84,0.00,229.43,10.62,297.17,18.41,298.11
17034961,0.00,238.16,0.00,221.64,18.41,339.77,16.40,436.66
17094764,0.00,287.49,0.94,309.80,11.57,271.09,7.79,369.87
17154561,0.00,281.71,0.00,263.30,17.47,323.37,9.68,280.76
17214361,0.00,300.12,0.00,184.93,12.51,364.91,7.79,360.19
17274161,0.00,274.86,0.00,298.11,7.79,422.15,12.51,395.95
17333960,0.00,273.92,0.00,282.65,8.73,313.69,23.25,288.55
17393760,0.00,273.92,0.00,272.97,21.36,234.26,10.62,401.85
17453561,0.00,352.40,0.00,230.37,9.68,322.30,4.84,423.09
17513358,0.00,225.53,0.00,235.21,11.57,374.70,14.52,369.87
17573160,0.00,294.33,0.00,240.99,3.89,319.47,9.68,330.09
17632959,0.00,250.79,0.94,295.28,9.68,398.90,21.36,353.34
17692758,0.00,302.95,0.94,215.85,8.73,316.52,9.68,356.29
17752554,0.00,251.73,0.00,223.64,14.52,330.09,9.68,335.99
17812354,0.00,191.66,0.94,213.85,14.52,358.18,3.89,351.46
17872154,0.00,178.09,0.00,271.09,8.73,318.41,13.57,378.60
17931952,0.00,238.16,0.94,219.75,17.47,281.71,17.47,331.16
17991752,0.00,213.85,0.94,257.51,11.57,362.08,12.51,391.11
18051554,0.00,255.51,0.00,222.70,13.57,397.01,11.57,378.60
18111353,0.00,280.76,0.00,203.34,19.35,291.38,8.73,367.86
18171152,0.00,284.66,0.00,293.39,10.62,321.36,13.57,419.20
18230951,0.00,282.65,0.94,288.55,7.79,273.92,15.46,294.33
18290749,0.00,211.01,0.00,197.44,5.90,286.55,10.62,285.60
18350547,0.00,289.50,0.00,196.50,7.79,262.35,6.84,369.87
18410344,0.00,304.96,0.00,235.21,18.41,455.07,6.84,378.60
18470141,0.00,271.09,0.00,227.54,14.52,264.24,6.84,430.76
18529939,0.00,302.01,0.00,227.54,10.62,264.24,5.90,356.29
18589739,0.00,333.99,0.94,253.62,8.73,373.76,12.51,328.21
18649537,0.00,264.24,0.00,323.37,6.84,252.67,8.73,349.45
18709335,0.00,216.80,0.00,231.31,15.46,407.51,3.89,411.41
18769134,0.00,306.84,0.00,194.49,14.52,339.77,12.51,529.66
18828935,0.00,221.64,0.00,183.99,2.95,394.06,8.73,343.67
18888732,0.00,237.10,0.00,255.51,7.79,354.41,13.57,366.92
18948532,0.00,299.06,0.00,205.23,9.68,292.45,11.57,394.06
19008331,0.00,301.06,0.00,163.57,7.79,354.41,6.84,368.80
19068128,0.00,244.89,0.00,256.45,11.57,341.66,15.46,446.34
19127930,0.00,232.26,0.00,216.80,15.46,352.40,11.57,354.41
19187731,0.00,288.55,0.00,231.31,16.40,323.37,7.79,316.52
19247531,0.00,308.85,0.00,266.25,20.30,304.96,10.62,368.80
19307330,0.00,265.30,0.00,202.28,19.35,242.05,10.62,325.26
19367132,0.00,278.76,0.00,256.45,21.36,329.15,13.57,270.14
19426933,0.00,198.39,0.00,265.30,7.79,349.45,19.35,323.37
19486733,0.00,304.01,0.00,228.48,7.79,304.01,8.73,378.60
19546529,0.00,244.89,0.94,266.25,18.41,310.74,9.68,297.17
19606329,0.00,297.17,0.00,215.85,14.52,330.09,14.52,378.60
19666130,0.00,284.66,0.00,207.24,3.89,287.49,12.51,434.66
19725929,0.00,253.62,0.00,239.10,4.84,311.80,13.57,316.52
19785729,0.00,187.88,0.00,227.54,21.36,244.89,6.84,315.58
19845527,0.00,232.26,0.00,213.85,5.90,358.18,7.79,329.15
19905324,0.00,295.28,0.00,278.76,8.73,287.49,14.52,449.29
19965124,0.00,255.51,0.94,245.95,10.62,364.91,16.40,279.70
20024925,0.00,223.64,0.00,247.84,7.79,280.76,8.73,359.24
20084720,0.00,321.36,0.00,157.79,9.68,304.96,8.73,441.50
20144519,0.00,286.55,0.00,287.49,12.51,338.83,6.84,426.04
20204318,0.00,259.40,0.00,198.39,10.62,377.66,15.46,283.60
20264120,0.00,229.43,0.00,256.45,14.52,336.94,12.51,402.79
20323921,0.00,287.49,0.00,240.99,10.62,406.57,12.51,335.99
20383723,0.00,289.50,0.00,211.96,7.79,339.77,13.57,333.04
20443522,0.00,225.53,0.94,239.10,17.47,265.30,8.73,422.15
20503322,0.00,276.87,0.00,227.54,19.35,392.05,4.84,318.41
20563122,0.00,281.71,0.00,211.96,14.52,309.80,8.73,375.65
20622921,0.00,267.19,0.94,166.52,11.57,302.01,17.47,405.63
20682723,0.00,240.99,0.00,249.84,11.57,392.05,5.90,408.58
20742522,0.00,288.55,0.00,204.29,8.73,381.43,15.46,373.76
20802322,0.00,310.74,0.00,220.69,14.52,389.22,10.62,289.50
20862123,0.00,291.38,0.00,255.51,9.68,349.45,12.51,374.70
20921923,0.00,282.65,0.00,253.62,11.57,338.83,12.51,304.96
20981724,0.00,260.35,0.00,228.48,19.35,306.84,7.79,329.15
21041523,0.00,276.87,0.94,198.39,20.30,268.14,11.57,376.59
21101325,0.00,329.15,0.00,243.94,8.73,266.25,6.84,361.13
21161122,0.00,223.64,0.00,233.20,3.89,444.45,12.51,386.27
21220921,0.00,300.12,0.00,272.03,3.89,373.76,6.84,337.88
21280719,0.00,232.26,0.00,227.54,16.40,291.38,20.30,332.10
21340522,0.00,242.05,0.00,243.00,7.79,276.87,9.68,331.16
21400320,0.00,242.05,0.00,215.85,11.57,277.81,16.40,385.33
21460122,0.00,244.89,0.00,245.95,2.95,385.33,6.84,412.47
21519921,0.00,246.89,0.00,243.94,11.57,300.12,5.90,313.69
21579721,0.00,242.05,0.94,179.03,8.73,363.97,6.84,298.11
21639519,0.00,322.30,0.00,259.40,14.52,388.16,2.01,371.75
21699320,0.00,222.70,0.00,203.34,18.41,270.14,9.68,322.30
21759120,0.00,392.05,0.94,265.30,19.35,288.55,6.84,410.46
21819884,0.00,282.65,0.00,208.18,9.68,257.51,5.90,493.78
21879682,0.00,249.84,2.01,211.01,6.84,323.37,5.90,372.70
21939480,0.00,242.05,0.00,259.40,8.73,317.47,13.57,414.36
21999280,0.00,287.49,0.00,207.24,20.30,348.50,14.52,339.77
22059083,0.00,294.33,0.94,249.84,9.68,425.10,7.79,211.01
22118882,0.00,232.26,0.00,313.69,17.47,309.80,9.68,360.19
22178682,0.00,270.14,0.00,171.24,9.68,354.41,15.46,304.96
22238484,0.00,280.76,0.94,263.30,13.57,304.01,2.01,277.81
22298285,0.00,305.90,0.00,218.80,17.47,379.54,6.84,354.41
22358085,0.00,288.55,0.00,236.15,4.84,247.84,15.46,367.86
22417883,0.00,306.84,2.01,269.20,3.89,236.15,12.51,412.47
22477684,0.00,250.79,0.00,277.81,7.79,402.79,7.79,451.18
22537483,0.00,291.38,0.94,217.74,12.51,346.62,7.79,424.15
22597283,0.00,238.16,0.00,242.05,13.57,332.10,9.68,377.66
22657084,0.00,174.19,0.00,253.62,6.84,331.16,10.62,304.01
22716884,0.00,203.34,0.00,182.93,2.95,345.55,14.52,314.63
22776683,0.00,278.76,0.00,198.39,10.62,304.01,7.79,368.80
22836484,0.00,268.14,0.00,293.39,7.79,287.49,15.46,400.90
22896285,0.00,278.76,0.00,224.59,7.79,340.72,10.62,394.06
22956084,0.00,187.88,0.00,183.99,12.51,229.43,12.51,403.74
23015886,0.00,214.91,0.00,212.90,20.30,341.66,13.57,495.79
23075690,0.00,228.48,0.00,198.39,6.84,403.74,10.62,287.49
23135489,0.00,400.90,0.00,286.55,15.46,388.16,9.68,445.40
23195288,0.00,327.26,0.00,256.45,10.62,465.70,7.79,426.99
23255089,0.00,305.90,0.00,264.24,11.57,377.66,17.47,353.34
23314889,0.00,276.87,0.00,223.64,8.73,335.05,9.68,322.30
23374687,0.00,288.55,0.00,211.01,8.73,310.74,11.57,287.49
23434486,0.00,244.89,0.00,197.44,8.73,353.34,5.90,373.76
23494283,0.00,308.85,0.00,318.41,8.73,472.54,13.57,320.42
23554081,0.00,265.30,0.00,229.43,22.31,327.26,10.62,400.90
23613884,0.00,284.66,0.00,210.07,11.57,281.71,9.68,359.24
23673682,0.00,220.69,0.00,191.66,9.68,325.26,14.52,450.24
23733482,0.00,231.31,0.94,185.88,11.57,427.93,7.79,273.92
23793281,0.00,290.44,0.00,293.39,12.51,304.01,16.40,384.26
23853083,0.00,248.78,0.00,265.30,14.52,304.96,14.52,376.59
23912884,0.00,270.14,0.00,196.50,11.57,371.75,13.57,363.02
23972686,0.00,236.15,0.00,199.45,5.90,393.12,11.57,384.26
24032486,0.00,288.55,0.00,233.20,9.68,392.05,10.62,355.35
24092286,0.00,283.60,0.00,223.64,11.57,361.13,9.68,395.95
24152086,0.00,252.67,0.00,252.67,10.62,454.01,18.41,426.99
24211889,0.00,295.28,0.00,256.45,12.51,320.42,8.73,453.07
24271690,0.00,279.70,0.00,216.80,10.62,314.63,8.73,407.51
24331490,0.00,273.92,0.00,255.51,17.47,364.91,15.46,288.55
24391292,0.00,288.55,0.00,275.81,7.79,410.46,9.68,321.36
24451091,0.00,365.97,0.00,240.05,5.90,392.05,13.57,392.05
24510892,0.00,272.03,0.00,214.91,8.73,340.72,7.79,297.17
24570688,0.00,233.20,0.00,217.74,5.90,321.36,7.79,432.77
24630487,0.00,245.95,0.00,279.70,4.84,317.47,9.68,240.99
24690285,0.00,248.78,0.00,266.25,6.84,328.21,12.51,332.10
24750084,0.00,203.34,0.00,188.83,7.79,272.03,9.68,419.20
24809883,0.00,264.24,0.00,227.54,11.57,320.42,4.84,302.01
24869684,0.00,276.87,0.00,272.97,13.57,318.41,15.46,375.65
24929484,0.00,285.60,0.00,225.53,4.84,260.35,10.62,371.75
24989286,0.00,337.88,0.00,219.75,9.68,383.32,9.68,362.08
25049084,0.00,282.65,0.00,213.85,8.73,286.55,13.57,431.82
25108884,0.00,296.22,0.00,251.73,8.73,281.71,14.52,461.80
25168685,0.00,239.10,0.94,214.91,10.62,326.20,17.47,337.88
25228487,0.00,221.64,0.00,238.16,9.68,358.18,10.62,355.35
25288286,0.00,274.86,0.00,356.29,11.57,288.55,4.84,378.60
25348087,0.00,255.51,0.00,207.24,20.30,355.35,5.90,347.56
25407888,0.00,259.40,0.00,231.31,5.90,256.45,6.84,339.77
25467685,0.00,292.45,0.00,246.89,9.68,344.61,13.57,505.47
25527486,0.00,273.92,0.00,277.81,11.57,331.16,7.79,385.33
25587287,0.00,260.35,0.00,154.84,12.51,404.68,18.41,342.72
25647088,0.00,257.51,0.00,255.51,17.47,311.80,14.52,389.22
25706891,0.00,251.73,0.94,228.48,13.57,437.61,12.51,375.65
25766693,0.00,346.62,0.00,216.80,7.79,432.77,6.84,372.70
25826491,0.00,264.24,0.94,236.15,12.51,343.67,11.57,542.29
25886292,0.00,211.01,0.00,272.97,9.68,223.64,9.68,400.90
25946089,0.00,266.25,0.94,244.89,11.57,319.47,5.90,484.11
26005889,0.00,297.17,0.00,292.45,17.47,389.22,17.47,429.82
26065689,0.00,294.33,0.00,261.41,15.46,378.60,8.73,329.15
26125489,0.00,220.69,0.00,262.35,11.57,388.16,4.84,379.54
26185288,0.00,242.05,0.00,153.89,9.68,306.84,22.31,459.91
26245086,0.00,250.79,0.00,203.34,16.40,393.12,17.47,410.46
26304887,0.00,295.28,0.00,252.67,26.20,242.05,11.57,366.92
26364688,0.00,285.60,0.00,271.09,5.90,300.12,8.73,405.63
26424485,0.00,304.96,0.00,254.56,16.40,385.33,5.90,430.76
26484284,0.00,276.87,0.94,260.35,7.79,299.06,6.84,290.44
26544081,0.00,302.01,0.94,200.39,9.68,253.62,8.73,366.92
26603880,0.00,211.96,0.00,264.24,10.62,275.81,16.40,407.51
26663683,0.00,306.84,0.00,255.51,19.35,352.40,17.47,487.06
26723485,0.00,271.09,0.00,208.18,12.51,324.31,16.40,394.06
26783289,0.00,266.25,0.00,153.89,10.62,317.47,14.52,353.34
26843090,0.00,271.09,0.00,320.42,14.52,320.42,5.90,305.90
26902891,0.00,256.45,0.00,281.71,16.40,284.66,4.84,350.51
26962693,0.00,297.17,0.94,246.89,8.73,327.26,9.68,370.81
27022489,0.00,308.85,0.00,199.45,10.62,364.91,8.73,343.67
27082289,0.00,302.95,0.00,188.83,13.57,259.40,17.47,304.96
27142091,0.00,302.95,0.00,265.30,16.40,305.90,13.57,426.99
27201894,0.00,264.24,0.00,257.51,8.73,294.33,9.68,338.83
27261691,0.00,450.24,0.00,267.19,6.84,326.20,5.90,405.63
27321489,0.00,243.94,0.00,260.35,11.57,285.60,11.57,397.01
27381293,0.00,257.51,0.00,245.95,9.68,437.61,10.62,424.15
27441092,0.00,264.24,0.00,192.60,7.79,275.81,12.51,350.51
27500893,0.00,302.01,0.00,279.70,12.51,332.10,9.68,374.70
27560694,0.00,239.10,0.00,210.07,5.90,271.09,10.62,388.16
27620494,0.00,289.50,0.00,197.44,10.62,353.34,11.57,321.36
27680297,0.00,276.87,0.00,253.62,6.84,385.33,10.62,329.15
27740098,0.00,337.88,0.00,185.88,16.40,309.80,19.35,359.24
27799900,0.00,277.81,0.00,232.26,10.62,358.18,12.51,419.20
27859702,0.00,274.86,0.00,244.89,12.51,315.58,9.68,351.46
27919504,0.00,220.69,0.94,265.30,10.62,372.70,22.31,321.36
27979307,0.00,347.56,0.00,221.64,4.84,345.55,14.52,411.41
28039105,0.00,332.10,0.00,239.10,7.79,295.28,15.46,354.41
28098906,0.00,229.43,0.00,215.85,11.57,323.37,0.94,486.11
28158707,0.00,280.76,0.00,206.18,12.51,383.32,8.73,296.22
28218507,0.00,255.51,0.00,291.38,14.52,426.04,20.30,402.79
28278309,0.00,226.59,0.00,240.99,4.84,297.17,13.57,295.28
28338111,0.00,316.52,0.00,243.94,18.41,490.01,24.19,331.16
28397913,0.00,301.06,0.00,192.60,14.52,479.27,10.62,400.90
28457715,0.00,300.12,0.94,175.14,6.84,378.60,5.90,413.41
28517513,0.00,232.26,0.00,208.18,9.68,260.35,14.52,317.47
28577309,0.00,290.44,0.00,247.84,11.57,280.76,11.57,391.11
28637109,0.00,230.37,0.00,207.24,12.51,237.10,7.79,377.66
28696908,0.00,234.26,0.00,235.21,14.52,307.91,14.52,351.46
28756707,0.00,289.50,0.00,227.54,20.30,400.90,6.84,370.81
28816505,0.00,224.59,0.94,221.64,6.84,298.11,6.84,368.80
28876301,0.00,238.16,0.00,304.01,6.84,333.99,15.46,356.29
28936100,0.00,254.56,0.00,270.14,7.79,287.49,10.62,426.99
28995898,0.00,273.92,0.00,226.59,9.68,280.76,10.62,393.12
29056661,0.00,319.47,0.00,240.05,8.73,347.56,4.84,312.75
29116459,0.00,269.20,0.94,267.19,7.79,335.05,11.57,341.66
29176257,0.00,329.15,0.00,236.15,7.79,469.59,9.68,422.15
29236054,0.00,281.71,0.00,211.01,20.30,328.21,15.46,373.76
29295856,0.00,251.73,0.00,223.64,4.84,361.13,7.79,376.59
29355653,0.00,252.67,0.00,251.73,6.84,308.85,8.73,269.20
29415449,0.00,294.33,0.00,227.54,7.79,347.56,19.35,309.80
29475250,0.00,306.84,0.00,202.28,9.68,371.75,13.57,315.58
29535048,0.00,288.55,0.00,213.85,10.62,474.43,14.52,402.79
29594848,0.00,285.60,0.00,230.37,8.73,277.81,6.84,328.21
29654646,0.94,279.70,0.00,263.30,13.57,359.24,19.35,323.37
29714449,0.00,256.45,0.00,252.67,8.73,279.70,6.84,436.66
29774245,0.00,181.04,0.94,260.35,8.73,395.95,7.79,368.80
29834042,0.00,206.18,0.00,275.81,7.79,248.78,14.52,421.20
29893842,0.00,313.69,0.00,240.99,10.62,383.32,15.46,255.51
29953643,0.00,224.59,0.00,255.51,12.51,352.40,11.57,357.24
30013446,0.00,255.51,0.00,269.20,23.25,309.80,12.51,358.18
30073248,0.00,306.84,0.94,216.80,3.89,368.80,9.68,476.32
30133043,0.00,308.85,0.00,207.24,8.73,335.05,15.46,419.20
30192841,0.00,282.65,0.00,178.09,13.57,260.35,16.40,444.45
30252644,0.00,240.99,0.94,220.69,13.57,341.66,11.57,347.56
30312444,0.00,325.26,0.00,229.43,11.57,372.70,9.68,355.35
30372243,0.00,260.35,0.94,169.35,9.68,299.06,5.90,376.59
30432041,0.00,238.16,0.94,296.22,10.62,218.80,7.79,393.12
30491842,0.00,279.70,0.00,320.42,17.47,322.30,13.57,402.79
30551643,0.00,238.16,0.00,251.73,17.47,272.97,5.90,377.66
30611442,0.00,233.20,0.94,232.26,12.51,305.90,6.84,365.97
30671242,0.00,291.38,0.00,223.64,18.41,355.35,8.73,374.70
30731041,0.00,281.71,0.00,276.87,8.73,391.11,14.52,333.99
30790841,0.00,228.48,0.00,244.89,14.52,309.80,19.35,413.41
30850643,0.00,333.04,0.00,188.83,13.57,204.29,16.40,348.50
30910444,0.00,282.65,0.00,201.34,14.52,313.69,9.68,469.59
30970243,0.00,298.11,0.00,234.26,12.51,283.60,8.73,478.32
31030043,0.00,290.44,0.00,245.95,16.40,432.77,8.73,354.41
31089843,0.00,238.16,0.94,267.19,3.89,408.58,14.52,402.79
31149640,0.00,215.85,0.00,240.99,10.62,349.45,16.40,304.01
31209440,0.00,294.33,0.00,244.89,5.90,265.30,13.57,475.37
31269239,0.00,170.30,0.00,218.80,10.62,261.41,15.46,356.29
31329040,0.00,297.17,0.94,280.76,7.79,359.24,9.68,354.41
31388836,0.00,308.85,0.00,259.40,8.73,328.21,11.57,373.76
31448636,0.00,288.55,0.00,305.90,18.41,285.60,7.79,391.11
31508434,0.00,289.50,0.94,278.76,11.57,374.70,9.68,357.24
31568233,0.00,326.20,0.00,223.64,5.90,309.80,19.35,302.01
31628033,0.00,272.97,0.00,245.95,6.84,376.59,9.68,549.02
31687826,0.00,233.20,0.00,278.76,2.95,272.03,4.84,338.83
31747622,0.00,275.81,0.00,308.85,12.51,350.51,11.57,395.95
31807424,0.00,235.21,0.00,226.59,12.51,377.66,10.62,327.26
31867223,0.00,246.89,2.01,320.42,9.68,348.50,15.46,399.84
31927022,0.00,235.21,0.00,191.66,13.57,372.70,6.84,400.90
31986822,0.00,336.94,0.00,291.38,2.95,304.96,13.57,407.51
32046622,0.00,227.54,0.00,248.78,16.40,335.05,12.51,348.50
32106423,0.00,285.60,0.00,240.05,10.62,395.00,8.73,374.70
32166223,0.00,240.99,0.94,285.60,19.35,330.09,12.51,393.12
32226026,0.00,258.46,0.00,273.92,3.89,272.97,10.62,417.31
32285825,0.00,276.87,0.00,291.38,16.40,262.35,8.73,349.45
32345624,0.00,214.91,0.00,162.63,18.41,331.16,9.68,376.59
32405423,0.00,278.76,0.00,208.18,7.79,315.58,7.79,362.08
32465220,0.00,268.14,0.94,230.37,5.90,302.95,13.57,375.65
32525020,0.00,299.06,0.94,218.80,6.84,372.70,22.31,398.90
32584819,0.00,228.48,0.94,220.69,14.52,380.49,18.41,345.55
32644621,0.00,356.29,0.94,211.96,18.41,356.29,6.84,327.26
32704419,0.00,234.26,0.00,261.41,10.62,302.95,19.35,388.16
32764221,0.00,242.05,0.00,246.89,10.62,298.11,13.57,333.99
32824023,0.00,260.35,0.00,216.80,6.84,306.84,22.31,338.83
32883822,0.00,242.05,0.00,259.40,20.30,295.28,14.52,363.97
32943624,0.00,263.30,0.00,258.46,11.57,287.49,7.79,295.28
33003424,0.00,231.31,0.00,272.03,19.35,268.14,12.51,350.51
33063225,0.00,231.31,0.00,240.99,9.68,275.81,13.57,350.51
33123023,0.00,257.51,0.00,271.09,22.31,371.75,19.35,340.72
33182826,0.00,304.96,0.00,273.92,16.40,309.80,5.90,370.81
33242626,0.00,223.64,0.00,268.14,10.62,301.06,16.40,461.80
33302425,0.00,216.80,0.00,243.94,3.89,384.26,12.51,369.87
33362225,0.00,279.70,0.00,227.54,11.57,321.36,2.95,361.13
33422023,0.00,270.14,0.00,199.45,17.47,340.72,14.52,391.11
33481825,0.00,388.16,0.00,243.94,2.95,321.36,16.40,421.20
33541625,0.00,280.76,0.00,229.43,10.62,284.66,14.52,315.58
33601426,0.00,245.95,0.00,326.20,16.40,405.63,10.62,450.24
33661225,0.00,276.87,0.00,235.21,21.36,407.51,16.40,391.11
33721027,0.00,254.56,0.00,300.12,25.26,351.46,6.84,460.86
33780827,0.00,360.19,0.00,246.89,13.57,300.12,12.51,519.98
33840624,0.00,248.78,0.94,288.55,6.84,331.16,8.73,352.40
33900422,0.00,280.76,0.00,183.99,7.79,270.14,16.40,379.54
33960220,0.00,302.95,0.00,254.56,11.57,299.06,5.90,394.06
34020019,0.00,340.72,0.94,163.57,10.62,517.98,11.57,328.21
34079818,0.00,286.55,0.94,236.15,7.79,342.72,18.41,325.26
34139617,0.00,243.94,0.00,270.14,15.46,391.11,6.84,325.26
34199415,0.00,258.46,0.00,187.88,12.51,356.29,16.40,459.91
34259215,0.00,321.36,0.00,253.62,11.57,345.55,12.51,376.59
34319016,0.00,257.51,0.00,283.60,6.84,327.26,10.62,407.51
34378817,0.00,291.38,0.00,209.13,9.68,361.13,18.41,328.21
34438615,0.00,295.28,0.00,224.59,8.73,301.06,20.30,428.87
34498415,0.00,317.47,0.00,245.95,11.57,335.05,11.57,359.24
34558217,0.00,302.01,0.94,261.41,8.73,282.65,7.79,284.66
34618014,0.00,307.91,0.00,257.51,13.57,346.62,6.84,430.76
34677815,0.00,225.53,0.00,229.43,9.68,297.17,14.52,377.66
34737614,0.00,322.30,0.00,252.67,6.84,310.74,20.30,314.63
34797414,0.00,255.51,0.00,277.81,13.57,263.30,20.30,409.52
34857214,0.00,266.25,0.00,220.69,5.90,284.66,9.68,349.45
34917012,0.00,272.03,0.00,242.05,10.62,370.81,15.46,381.43
34976814,0.00,302.95,0.00,229.43,11.57,360.19,13.57,333.04
35036614,0.00,254.56,0.00,214.91,13.57,366.92,16.40,382.38
35096417,0.00,232.26,0.94,245.95,7.79,281.71,10.62,392.05
35156217,0.00,282.65,0.00,233.20,4.84,349.45,7.79,353.34
35216014,0.00,256.45,0.00,201.34,8.73,274.86,12.51,408.58
35275813,0.00,283.60,0.00,240.99,16.40,408.58,10.62,372.70
35335616,0.00,279.70,0.00,262.35,18.41,316.52,5.90,373.76
35395416,0.00,247.84,0.00,194.49,11.57,339.77,10.62,357.24
35455217,0.00,304.96,0.00,265.30,8.73,366.92,10.62,425.10
35515017,0.00,277.81,0.00,325.26,15.46,315.58,13.57,341.66
35574818,0.00,335.05,0.00,260.35,4.84,372.70,12.51,339.77
35634617,0.00,260.35,0.00,221.64,15.46,313.69,8.73,365.97
35694417,0.00,307.91,0.00,223.64,7.79,312.75,10.62,357.24
35754216,0.00,240.99,0.00,169.35,4.84,362.08,11.57,371.75
35814014,0.00,312.75,0.00,220.69,13.57,287.49,5.90,400.90
35873815,0.00,246.89,0.00,272.97,14.52,357.24,8.73,351.46
35933615,0.00,249.84,0.00,243.00,10.62,329.15,9.68,378.60
35993413,0.00,291.38,0.00,221.64,2.95,317.47,21.36,427.93
36053214,0.00,293.39,0.00,226.59,7.79,258.46,10.62,442.45
36113013,0.00,311.80,0.00,189.77,19.35,288.55,7.79,368.80
36172813,0.00,276.87,0.00,236.15,8.73,317.47,13.57,409.52
36232612,0.00,279.70,0.00,258.46,8.73,376.59,13.57,336.94
36293372,0.00,245.95,0.00,172.31,13.57,356.29,10.62,487.06
36353173,0.00,242.05,0.00,185.88,9.68,457.91,8.73,397.01
36412968,0.00,268.14,0.00,196.50,12.51,302.01,11.57,351.46
36472769,0.00,257.51,0.00,195.55,7.79,344.61,9.68,361.13
36532564,0.00,244.89,0.00,232.26,9.68,314.63,6.84,408.58
36592361,0.00,321.36,0.00,278.76,9.68,342.72,5.90,312.75
36652156,0.00,337.88,0.00,222.70,5.90,332.10,11.57,403.74
36711956,0.00,295.28,0.00,294.33,16.40,356.29,6.84,437.61
36771753,0.00,235.21,0.00,223.64,18.41,337.88,15.46,354.41
36831555,0.00,251.73,0.00,250.79,10.62,275.81,15.46,335.05
36891357,0.00,299.06,0.00,242.05,4.84,294.33,14.52,395.00
36951154,0.00,250.79,0.00,196.50,14.52,333.04,11.57,362.08
37010955,0.00,291.38,0.00,266.25,13.57,408.58,11.57,368.80
37070757,0.00,301.06,0.00,190.72,15.46,304.01,8.73,377.66
37130556,0.00,198.39,0.00,231.31,6.84,352.40,4.84,348.50
37190353,0.00,289.50,2.01,218.80,11.57,342.72,13.57,297.17
37250154,0.00,283.60,0.00,256.45,13.57,233.20,11.57,306.84
37309956,0.00,244.89,0.94,290.44,9.68,270.14,8.73,355.35
37369753,0.00,299.06,0.00,222.70,13.57,336.94,7.79,381.43
37429553,0.00,339.77,0.94,211.96,8.73,363.97,17.47,304.01
37489352,0.00,277.81,0.00,192.60,11.57,327.26,13.57,452.12
37549154,0.00,325.26,0.00,231.31,16.40,323.37,9.68,415.30
37608953,0.00,308.85,0.00,267.19,15.46,370.81,8.73,412.47
37668752,0.00,293.39,0.00,199.45,18.41,350.51,4.84,402.79
37728550,0.00,281.71,0.94,312.75,4.84,279.70,13.57,326.20
37788351,0.00,273.92,0.00,236.15,2.95,287.49,14.52,345.55
37848150,0.00,302.95,0.00,264.24,10.62,322.30,15.46,333.99
37907951,0.00,199.45,0.00,290.44,3.89,244.89,6.84,328.21
37967748,0.00,232.26,0.00,249.84,14.52,363.97,20.30,277.81
38027548,0.00,295.28,0.00,222.70,10.62,211.01,4.84,470.53
38087348,0.00,207.24,0.00,236.15,7.79,329.15,17.47,446.34
38147146,0.00,274.86,0.00,278.76,5.90,245.95,21.36,457.91
38206946,0.00,258.46,0.94,274.86,5.90,358.18,16.40,320.42
38266745,0.00,229.43,0.00,265.30,4.84,305.90,13.57,440.56
38326544,0.00,203.34,2.01,274.86,2.95,325.26,14.52,393.12
38386343,0.00,275.81,0.00,222.70,4.84,353.34,12.51,394.06
38446143,0.00,247.84,0.00,286.55,10.62,427.93,13.57,366.92
38505945,0.00,218.80,0.00,304.96,2.01,257.51,8.73,398.90
38565741,0.00,330.09,0.00,281.71,6.84,325.26,7.79,406.57
38625540,0.00,305.90,0.00,262.35,4.84,310.74,10.62,389.22
38685338,0.00,252.67,0.00,248.78,3.89,321.36,12.51,324.31
38745138,0.00,279.70,0.00,186.82,10.62,272.03,7.79,417.31
38804936,0.00,248.78,0.00,251.73,4.84,288.55,11.57,280.76
38864735,0.00,302.95,0.00,213.85,12.51,410.46,6.84,399.84
38924532,0.00,355.35,0.00,220.69,8.73,278.76,10.62,293.39
38984332,0.00,273.92,0.00,210.07,10.62,324.31,7.79,254.56
39044129,0.00,243.00,0.94,273.92,7.79,376.59,12.51,426.99
39103927,0.00,242.05,0.00,216.80,11.57,317.47,8.73,375.65
39163726,0.00,313.69,0.94,262.35,10.62,294.33,16.40,318.41
39223527,0.00,259.40,0.00,272.97,8.73,333.04,13.57,403.74
39283324,0.00,260.35,0.00,301.06,12.51,276.87,13.57,298.11
39343126,0.00,224.59,0.94,212.90,7.79,352.40,16.40,286.55
39402923,0.00,331.16,0.00,214.91,8.73,322.30,17.47,333.04
39462721,0.00,200.39,0.94,193.55,10.62,270.14,15.46,430.76
39522522,0.00,337.88,0.00,253.62,12.51,302.95,14.52,379.54
39582323,0.00,301.06,0.00,229.43,16.40,332.10,16.40,363.02
39642124,0.00,236.15,0.00,235.21,6.84,273.92,10.62,353.34
39701923,0.00,313.69,0.94,204.29,5.90,367.86,10.62,415.30
39761724,0.00,331.16,0.00,259.40,6.84,265.30,9.68,377.66
39821522,0.00,304.01,0.00,252.67,7.79,460.86,20.30,406.57
39881320,0.00,248.78,0.00,192.60,10.62,332.10,12.51,403.74
39941123,0.00,223.64,0.00,266.25,10.62,335.99,15.46,415.30
40000925,0.00,222.70,0.94,281.71,12.51,360.19,7.79,320.42
40060724,0.00,233.20,0.00,219.75,13.57,293.39,7.79,372.70
40120522,0.00,242.05,0.00,254.56,6.84,313.69,17.47,422.15
40180322,0.00,214.91,0.00,231.31,8.73,368.80,18.41,444.45
40240120,0.00,286.55,0.00,291.38,3.89,305.90,12.51,255.51
40299920,0.00,266.25,0.00,210.07,15.46,323.37,18.41,359.24
40359723,0.00,375.65,0.00,333.04,2.01,304.01,10.62,376.59
40419522,0.00,285.60,0.00,261.41,2.01,363.97,6.84,337.88
40479318,0.00,248.78,0.00,218.80,10.62,371.75,5.90,491.90
40539118,0.00,232.26,0.00,206.18,8.73,308.85,15.46,361.13
40598918,0.00,235.21,0.00,206.18,15.46,272.03,8.73,362.08
40658717,0.00,291.38,0.00,243.94,11.57,304.01,8.73,480.21
40718517,0.00,214.91,0.94,209.13,9.68,384.26,8.73,442.45
40778315,0.00,240.99,0.00,272.97,16.40,377.66,6.84,310.74
40838115,0.00,244.89,0.00,247.84,17.47,324.31,16.40,370.81
40897916,0.00,321.36,0.00,233.20,8.73,347.56,7.79,363.97
40957714,0.00,275.81,0.00,276.87,14.52,335.99,13.57,363.97
41017516,0.00,251.73,0.00,237.10,11.57,295.28,14.52,339.77
41077317,0.00,291.38,0.94,205.23,14.52,293.39,10.62,330.09
41137119,0.00,264.24,0.00,242.05,8.73,312.75,5.90,401.85
41196916,0.00,382.38,0.00,203.34,14.52,327.26,3.89,491.90
41256714,0.00,249.84,0.00,219.75,6.84,314.63,15.46,408.58
41316514,0.00,234.26,0.00,274.86,11.57,397.95,11.57,420.26
41376317,0.00,305.90,0.00,250.79,9.68,397.95,14.52,383.32
41436115,0.00,273.92,0.00,295.28,7.79,340.72,11.57,286.55
41495916,0.00,234.26,0.00,253.62,11.57,323.37,11.57,380.49
41555717,0.00,364.91,0.00,268.14,5.90,341.66,17.47,389.22
41615515,0.00,209.13,0.00,239.10,23.25,292.45,9.68,325.26
41675314,0.00,282.65,0.00,254.56,4.84,384.26,6.84,362.08
41735111,0.00,300.12,0.00,267.19,15.46,322.30,13.57,395.95
41794912,0.00,206.18,0.94,240.99,9.68,333.99,16.40,399.84
41854708,0.00,260.35,0.00,245.95,5.90,342.72,6.84,395.00
41914506,0.00,352.40,0.00,293.39,8.73,335.05,8.73,368.80
41974301,0.00,234.26,0.00,190.72,13.57,302.01,9.68,393.12
42034100,0.00,323.37,0.00,240.05,9.68,395.00,8.73,369.87
42093897,0.00,236.15,0.00,151.89,9.68,327.26,3.89,397.95
42153694,0.00,211.96,0.00,263.30,8.73,348.50,11.57,328.21
42213492,0.00,187.88,0.00,186.82,13.57,386.27,6.84,390.16
42273292,0.00,346.62,0.00,223.64,14.52,311.80,6.84,416.36
42333089,0.00,263.30,0.00,248.78,7.79,304.96,12.51,421.20
42392888,0.00,207.24,0.00,212.90,7.79,397.95,10.62,426.99
42452688,0.00,255.51,0.00,200.39,13.57,358.18,12.51,428.87
42512490,0.00,302.01,0.00,253.62,7.79,288.55,8.73,410.46
42572286,0.00,256.45,0.94,249.84,12.51,330.09,14.52,302.95
42632087,0.00,291.38,0.94,182.93,11.57,364.91,8.73,374.70
42691886,0.00,209.13,0.00,212.90,9.68,240.99,16.40,333.99
42751685,0.00,264.24,0.00,219.75,20.30,411.41,5.90,390.16
42811484,0.00,284.66,0.00,192.60,8.73,327.26,14.52,400.90
42871283,0.00,307.91,0.00,222.70,9.68,321.36,9.68,372.70
42931081,0.00,243.00,0.00,284.66,15.46,319.47,9.68,362.08
42990879,0.00,297.17,0.00,220.69,7.79,304.01,12.51,378.60
43050680,0.00,245.95,0.00,204.29,14.52,367.86,14.52,294.33
43110482,0.00,290.44,0.94,210.07,2.95,292.45,5.90,321.36
43170280,0.00,345.55,0.94,229.43,10.62,389.22,15.46,398.90
43230082,0.00,255.51,0.00,330.09,0.94,388.16,4.84,393.12
43289880,0.00,273.92,0.00,151.89,17.47,363.97,16.40,397.01
43349682,0.00,307.91,0.00,216.80,10.62,287.49,21.36,449.29
43409481,0.00,243.00,0.00,239.10,14.52,300.12,12.51,314.63
43469284,0.00,331.16,0.00,224.59,18.41,283.60,7.79,384.26
43530047,0.00,234.26,0.94,286.55,9.68,355.35,15.46,238.16
43589844,0.00,298.11,0.00,314.63,11.57,345.55,11.57,426.04
43649647,0.00,240.05,0.00,214.91,4.84,359.24,19.35,376.59
43709447,0.00,321.36,0.00,230.37,12.51,354.41,8.73,399.84
43769245,0.00,276.87,0.94,198.39,10.62,327.26,8.73,384.26
43829045,0.00,233.20,0.94,229.43,8.73,307.91,8.73,333.04
43888843,0.00,358.18,0.00,161.68,14.52,368.80,7.79,322.30
43948642,0.00,275.81,0.00,200.39,11.57,306.84,8.73,361.13
44008442,0.00,302.95,0.94,212.90,8.73,322.30,9.68,352.40
44068240,0.00,301.06,0.00,176.20,13.57,397.95,9.68,447.40
44128037,0.00,277.81,0.00,206.18,10.62,354.41,9.68,399.84
44187836,0.00,300.12,0.00,244.89,14.52,362.08,13.57,367.86
44247638,0.00,273.92,0.00,317.47,4.84,331.16,8.73,517.98
44307433,0.00,231.31,0.00,217.74,15.46,294.33,11.57,352.40
44367233,0.00,268.14,0.94,218.80,4.84,289.50,22.31,360.19
44427030,0.00,258.46,0.00,181.98,4.84,343.67,11.57,418.25
44486830,0.00,297.17,0.00,288.55,9.68,444.45,11.57,402.79
44546628,0.00,321.36,0.94,242.05,8.73,317.47,12.51,394.06
44606426,0.00,232.26,0.00,297.17,14.52,395.95,13.57,352.40
44666226,0.00,242.05,0.94,261.41,14.52,383.32,4.84,442.45
44726025,0.00,304.01,0.00,216.80,11.57,410.46,9.68,386.27
44785822,0.00,238.16,0.94,207.24,21.36,320.42,6.84,359.24
44845622,0.00,283.60,0.00,183.99,5.90,306.84,19.35,337.88
44905421,0.00,300.12,0.00,192.60,19.35,391.11,11.57,382.38
44965222,0.00,297.17,0.00,281.71,13.57,296.22,7.79,353.34
45025022,0.00,323.37,0.94,267.19,5.90,302.95,11.57,317.47
45084822,0.00,290.44,0.00,314.63,2.95,357.24,13.57,405.63
45144620,0.00,247.84,0.00,213.85,7.79,418.25,6.84,393.12
45204417,0.00,296.22,0.00,277.81,11.57,330.09,8.73,338.83
45264218,0.00,310.74,0.00,228.48,7.79,370.81,21.36,425.10
45324017,0.00,335.05,0.94,211.01,15.46,281.71,8.73,405.63
45383817,0.00,326.20,0.00,258.46,5.90,324.31,10.62,434.66
45443616,0.00,231.31,0.00,263.30,13.57,376.59,21.36,310.74
45503418,0.00,253.62,0.00,256.45,8.73,377.66,9.68,404.68
45563215,0.00,313.69,0.00,208.18,12.51,270.14,8.73,378.60
45623016,0.00,204.29,0.00,236.15,13.57,353.34,15.46,308.85
45682817,0.00,229.43,0.00,144.22,5.90,279.70,8.73,405.63
45742613,0.00,185.88,0.00,257.51,10.62,356.29,5.90,338.83
45802412,0.00,279.70,0.00,222.70,2.95,427.93,5.90,422.15
45862209,0.00,226.59,0.94,193.55,17.47,484.11,19.35,425.10
45922011,0.00,286.55,0.00,152.95,9.68,359.24,12.51,452.12
45981810,0.00,222.70,0.00,336.94,5.90,273.92,20.30,399.84
46041610,0.00,277.81,0.00,225.53,17.47,335.99,12.51,319.47
46101411,0.00,350.51,2.01,304.96,12.51,337.88,18.41,383.32
46161213,0.00,264.24,0.00,281.71,17.47,348.50,19.35,402.79
46221015,0.00,262.35,0.00,281.71,5.90,352.40,10.62,393.12
46280813,0.00,232.26,0.00,271.09,11.57,353.34,10.62,240.05
46340615,0.00,359.24,0.00,217.74,14.52,322.30,11.57,348.50
46400416,0.00,313.69,0.00,209.13,8.73,359.24,12.51,395.00
46460216,0.00,308.85,0.00,201.34,7.79,320.42,9.68,426.04
46520012,0.00,263.30,0.94,243.94,17.47,407.51,7.79,363.97
46579812,0.00,286.55,0.00,242.05,3.89,244.89,12.51,447.40
46639611,0.00,307.91,0.94,261.41,15.46,311.80,7.79,451.18
46699409,0.00,195.55,0.00,267.19,14.52,326.20,15.46,383.32
46759212,0.00,239.10,0.94,183.99,7.79,335.99,8.73,345.55
46819007,0.00,218.80,0.00,267.19,10.62,373.76,6.84,408.58
46878804,0.00,326.20,0.00,169.35,7.79,384.26,11.57,280.76
46938604,0.00,288.55,0.00,239.10,23.25,299.06,20.30,438.55
46998405,0.00,201.34,0.94,257.51,16.40,350.51,14.52,430.76
47058204,0.00,294.33,0.00,281.71,11.57,394.06,15.46,420.26
47118006,0.00,240.99,0.00,223.64,6.84,287.49,10.62,363.02
47177804,0.00,269.20,0.00,295.28,3.89,261.41,8.73,323.37
47237600,0.00,252.67,0.00,248.78,8.73,493.78,25.26,398.90
47297396,0.00,282.65,0.00,250.79,11.57,338.83,21.36,353.34
47357198,0.00,262.35,0.00,237.10,5.90,332.10,11.57,305.90
47416996,0.00,317.47,0.00,230.37,8.73,367.86,16.40,382.38
47476794,0.00,310.74,0.00,228.48,26.20,332.10,7.79,380.49
47536593,0.00,316.52,0.94,226.59,7.79,295.28,10.62,363.02
47596392,0.00,274.86,0.00,250.79,11.57,290.44,5.90,411.41
47656192,0.00,170.30,0.94,272.97,8.73,243.00,11.57,482.22
47715990,0.00,245.95,0.94,167.47,6.84,285.60,17.47,362.08
47775791,0.00,269.20,0.00,202.28,12.51,442.45,5.90,318.41
47835590,0.00,255.51,0.00,231.31,3.89,323.37,15.46,484.11
47895388,0.00,296.22,0.00,243.00,13.57,352.40,9.68,362.08
47955188,0.00,202.28,0.00,264.24,13.57,365.97,9.68,513.26
48014987,0.00,231.31,0.00,297.17,9.68,304.96,9.68,284.66
48074784,0.00,210.07,0.00,250.79,22.31,287.49,11.57,387.21
48134586,0.00,228.48,0.94,286.55,9.68,269.20,10.62,408.58
48194385,0.00,261.41,0.00,237.10,20.30,356.29,19.35,325.26
48254186,0.00,243.94,0.94,251.73,11.57,394.06,13.57,304.01
48313988,0.00,217.74,0.00,242.05,11.57,245.95,9.68,352.40
48373787,0.00,302.95,0.00,231.31,9.68,352.40,11.57,380.49
48433586,0.00,238.16,0.00,324.31,8.73,343.67,15.46,353.34
48493385,0.00,306.84,0.00,244.89,13.57,282.65,12.51,292.45
48553188,0.00,275.81,0.00,308.85,26.20,364.91,12.51,446.34
48612987,0.00,315.58,0.00,244.89,7.79,360.19,13.57,308.85
48672787,0.00,211.96,0.00,220.69,19.35,382.38,6.84,370.81
48732587,0.00,228.48,0.94,237.10,7.79,373.76,6.84,266.25
48792383,0.00,240.99,0.00,219.75,13.57,338.83,15.46,384.26
48852185,0.00,274.86,0.00,357.24,16.40,275.81,8.73,256.45
48911985,0.00,273.92,0.00,227.54,8.73,349.45,14.52,432.77
48971782,0.00,342.72,0.00,176.20,8.73,313.69,11.57,352.40
49031591,0.00,279.70,0.94,195.55,11.57,331.16,13.57,300.12
49091394,0.00,250.79,0.00,273.92,10.62,426.99,9.68,395.00
49151194,0.00,247.84,0.00,259.40,10.62,415.30,8.73,389.22
49210993,0.00,213.85,0.00,245.95,9.68,304.01,10.62,336.94
49270793,0.00,275.81,2.01,225.53,4.84,339.77,5.90,412.47
49330590,0.00,212.90,0.00,221.64,14.52,349.45,12.51,299.06
49390392,0.00,254.56,0.94,203.34,3.89,397.01,24.19,317.47
49450190,0.00,255.51,0.00,226.59,10.62,275.81,12.51,495.79
49509991,0.00,293.39,0.00,295.28,2.95,340.72,21.36,365.97
49569788,0.00,283.60,0.00,247.84,11.57,388.16,11.57,386.27
49629590,0.00,297.17,0.00,216.80,21.36,297.17,8.73,365.97
49689388,0.00,335.05,0.00,268.14,5.90,279.70,6.84,343.67
49749182,0.00,272.97,0.00,217.74,8.73,304.96,4.84,324.31
49808978,0.00,253.62,0.00,251.73,8.73,399.84,16.40,465.70
49868778,0.00,245.95,0.94,235.21,2.95,331.16,21.36,376.59
49928577,0.00,273.92,0.94,263.30,9.68,338.83,10.62,298.11
49988375,0.00,261.41,0.00,234.26,8.73,282.65,18.41,342.72
50048173,0.00,248.78,0.00,246.89,7.79,351.46,13.57,405.63
50107972,0.00,254.56,0.00,244.89,6.84,289.50,4.84,293.39
50167767,0.00,253.62,0.00,268.14,14.52,348.50,7.79,378.60
50227566,0.00,333.99,0.94,256.45,12.51,291.38,10.62,329.15
50287369,0.00,208.18,0.00,218.80,13.57,301.06,9.68,373.76
50347166,0.00,275.81,0.94,166.52,7.79,333.04,6.84,362.08
50406965,0.00,190.72,0.00,297.17,7.79,301.06,15.46,406.57
50466764,0.00,297.17,0.00,219.75,15.46,327.26,7.79,388.16
50526562,0.00,261.41,0.00,231.31,9.68,402.79,5.90,380.49
50586358,0.00,294.33,0.00,189.77,4.84,423.09,14.52,330.09
50646159,0.00,287.49,0.00,269.20,9.68,388.16,15.46,439.61
50705959,0.00,262.35,0.00,374.70,2.95,335.99,15.46,522.82
50766722,0.00,292.45,0.00,238.16,14.52,320.42,13.57,468.65
50826524,0.00,274.86,0.94,227.54,7.79,317.47,15.46,387.21
50886324,0.00,237.10,0.94,317.47,9.68,335.99,13.57,395.00
50946122,0.00,344.61,0.00,166.52,16.40,270.14,13.57,428.87
51005925,0.00,217.74,0.00,331.16,10.62,323.37,10.62,297.17
51065725,0.00,273.92,0.00,305.90,7.79,337.88,2.95,355.35
51125523,0.00,183.99,0.00,267.19,11.57,263.30,6.84,333.04
51185320,0.00,292.45,0.00,287.49,14.52,250.79,18.41,375.65
51245123,0.00,253.62,0.00,232.26,11.57,370.81,3.89,371.75
51304922,0.00,187.88,0.00,226.59,8.73,333.04,14.52,380.49
51364721,0.00,224.59,0.00,218.80,21.36,368.80,20.30,365.97
51424524,0.00,210.07,0.94,333.99,14.52,361.13,6.84,446.34
51484322,0.00,317.47,0.00,264.24,15.46,242.05,7.79,397.95
51544122,0.00,264.24,0.00,189.77,15.46,367.86,8.73,521.87
51603921,0.00,355.35,0.00,233.20,2.95,253.62,5.90,397.01
51663720,0.00,285.60,0.00,200.39,11.57,415.30,13.57,468.65
51723522,0.00,397.95,0.00,254.56,9.68,350.51,10.62,398.90
51783320,0.00,280.76,0.00,249.84,13.57,336.94,8.73,427.93
51843121,0.00,226.59,0.00,211.01,14.52,324.31,10.62,420.26
51902922,0.00,280.76,2.01,238.16,10.62,403.74,4.84,391.11
51962722,0.00,314.63,0.00,207.24,9.68,387.21,15.46,447.40
52022522,0.00,190.72,0.94,182.93,9.68,330.09,10.62,388.16
52082321,0.00,266.25,0.00,218.80,0.94,357.24,3.89,365.97
52142117,0.00,247.84,0.00,265.30,12.51,289.50,10.62,290.44
52201920,0.00,244.89,0.00,247.84,7.79,363.97,8.73,370.81
52261718,0.00,257.51,0.00,194.49,10.62,265.30,17.47,358.18
52321519,0.00,272.97,0.00,240.99,14.52,429.82,12.51,399.84
52381321,0.00,266.25,0.00,193.55,10.62,278.76,14.52,423.09
52441123,0.00,376.59,0.94,206.18,9.68,359.24,9.68,394.06
52500921,0.00,243.00,0.00,276.87,13.57,362.08,9.68,353.34
52560719,0.00,281.71,0.00,297.17,13.57,333.04,12.51,399.84
52620522,0.00,272.97,0.00,267.19,11.57,360.19,12.51,275.81
52680324,0.00,286.55,0.00,177.14,3.89,300.12,12.51,345.55
52740123,0.00,278.76,0.00,170.30,7.79,332.10,17.47,326.20
52799924,0.00,281.71,0.00,226.59,11.57,274.86,13.57,324.31
52859724,0.00,238.16,0.00,280.76,23.25,287.49,14.52,360.19
52919526,0.00,255.51,0.00,208.18,5.90,450.24,5.90,281.71
52979325,0.00,219.75,0.94,250.79,7.79,421.20,12.51,337.88
53039125,0.00,287.49,0.94,237.10,6.84,346.62,22.31,426.04
53098926,0.00,297.17,0.00,228.48,11.57,312.75,17.47,417.31
53158729,0.00,238.16,0.00,176.20,2.01,262.35,7.79,398.90
53218527,0.00,222.70,0.00,250.79,14.52,305.90,14.52,436.66
53278329,0.00,209.13,0.00,231.31,10.62,330.09,17.47,361.13
53338132,0.00,182.93,0.94,156.84,15.46,335.05,13.57,438.55
53397934,0.00,265.30,0.00,260.35,10.62,287.49,5.90,387.21
53457733,0.00,225.53,0.00,226.59,6.84,442.45,10.62,395.95
53517535,0.00,262.35,0.00,228.48,5.90,404.68,5.90,335.99
53577334,0.00,251.73,0.00,224.59,10.62,252.67,4.84,338.83
53637133,0.00,322.30,0.00,214.91,12.51,369.87,11.57,317.47
53696935,0.00,280.76,0.00,188.83,8.73,389.22,13.57,325.26
53756736,0.00,262.35,0.00,186.82,12.51,413.41,13.57,437.61
53816540,0.94,232.26,0.94,226.59,10.62,380.49,9.68,384.26
53876340,0.00,268.14,0.00,293.39,10.62,327.26,14.52,331.16
53936142,0.00,269.20,0.00,244.89,19.35,326.20,13.57,349.45
53995945,0.00,329.15,0.94,246.89,11.57,399.84,18.41,391.11
54055748,0.00,227.54,0.94,170.30,14.52,327.26,5.90,356.29
54115549,0.00,219.75,0.00,295.28,12.51,348.50,7.79,454.01
54175349,0.00,190.72,0.00,280.76,16.40,279.70,14.52,519.04
54235151,0.00,276.87,0.00,242.05,7.79,415.30,15.46,337.88
54294952,0.00,259.40,0.00,201.34,20.30,302.95,20.30,405.63
54354755,0.00,319.47,0.94,233.20,4.84,329.15,2.95,355.35
54414552,0.00,335.99,0.00,223.64,9.68,285.60,13.57,478.32
54474352,0.00,244.89,0.00,210.07,11.57,344.61,18.41,437.61
54534155,0.00,292.45,0.94,262.35,11.57,310.74,11.57,411.41
54593958,0.00,281.71,0.00,322.30,9.68,400.90,6.84,341.66
54653756,0.00,188.83,0.00,237.10,9.68,453.07,5.90,377.66
54713554,0.00,288.55,0.00,259.40,2.95,324.31,12.51,391.11
54773355,0.00,275.81,0.94,272.03,15.46,289.50,4.84,314.63
54833154,0.00,194.49,0.00,272.03,8.73,307.91,3.89,458.97
54892951,0.00,283.60,0.00,285.60,7.79,388.16,6.84,502.52
54952750,0.00,227.54,0.00,217.74,4.84,291.38,6.84,367.86
55012545,0.00,196.50,0.00,175.14,9.68,367.86,9.68,409.52
55072343,0.00,295.28,0.00,286.55,12.51,400.90,8.73,365.97
55132143,0.00,216.80,0.00,176.20,6.84,317.47,6.84,340.72
55191940,0.00,207.24,0.00,301.06,17.47,312.75,15.46,333.99
55251741,0.00,313.69,0.00,257.51,11.57,308.85,8.73,377.66
55311542,0.00,272.97,0.94,265.30,20.30,344.61,17.47,420.26
55371344,0.00,261.41,2.01,254.56,7.79,339.77,12.51,404.68
55431142,0.00,209.13,0.00,190.72,10.62,311.80,7.79,606.25
55490940,0.00,290.44,0.00,243.94,15.46,289.50,8.73,370.81
55550742,0.00,224.59,0.94,287.49,4.84,276.87,10.62,443.51
55610543,0.00,265.30,0.00,265.30,7.79,372.70,8.73,401.85
55670341,0.00,324.31,0.94,140.32,7.79,366.92,12.51,340.72
55730143,0.00,244.89,0.00,281.71,4.84,323.37,21.36,447.40
55789942,0.00,293.39,0.00,259.40,11.57,449.29,9.68,377.66
55849743,0.00,237.10,0.00,231.31,9.68,371.75,17.47,342.72
55909544,0.00,299.06,0.00,257.51,14.52,339.77,13.57,372.70
55969346,0.00,265.30,0.94,196.50,4.84,343.67,16.40,399.84
56029146,0.00,293.39,0.00,199.45,7.79,201.34,8.73,355.35
56088944,0.00,289.50,0.00,205.23,8.73,404.68,13.57,380.49
56148745,0.00,300.12,0.94,273.92,5.90,333.04,12.51,310.74
56208545,0.00,279.70,0.94,198.39,19.35,316.52,11.57,330.09
56268348,0.00,280.76,0.00,199.45,10.62,348.50,14.52,272.97
56328151,0.00,291.38,0.00,201.34,10.62,323.37,14.52,310.74
56387953,0.00,271.09,2.95,207.24,7.79,304.96,14.52,311.80
56447754,0.00,218.80,0.00,229.43,17.47,344.61,14.52,393.12
56507557,0.00,216.80,0.00,216.80,2.95,363.02,6.84,436.66
56567354,0.00,195.55,0.00,202.28,4.84,296.22,12.51,381.43
56627155,0.00,265.30,0.00,266.25,2.01,320.42,17.47,302.01
56686956,0.00,211.01,0.94,210.07,17.47,397.95,4.84,346.62
56746757,0.00,237.10,0.00,230.37,10.62,341.66,16.40,424.15
56806559,0.00,335.05,0.00,233.20,6.84,234.26,16.40,377.66
56866360,0.00,297.17,0.00,286.55,9.68,368.80,8.73,412.47
56926158,0.00,307.91,0.00,281.71,15.46,361.13,8.73,428.87
56985959,0.00,263.30,0.00,214.91,16.40,363.97,13.57,348.50
57045763,0.00,282.65,0.00,194.49,6.84,444.45,10.62,578.05
57105564,0.00,291.38,0.94,252.67,11.57,314.63,11.57,324.31
57165366,0.00,256.45,0.00,201.34,8.73,363.02,4.84,374.70
57225165,0.00,268.14,0.00,264.24,2.95,320.42,14.52,507.36
57284966,0.00,347.56,0.00,264.24,4.84,365.97,18.41,404.68
57344765,0.00,339.77,0.00,287.49,3.89,386.27,12.51,406.57
57404566,0.00,274.86,0.00,247.84,7.79,272.97,4.84,493.78
57464364,0.00,304.96,0.00,276.87,10.62,395.00,19.35,377.66
57524164,0.00,305.90,0.00,211.01,10.62,318.41,20.30,373.76
57583966,0.00,344.61,0.00,199.45,12.51,299.06,15.46,386.27
57643766,0.00,267.19,0.00,345.55,14.52,335.99,24.19,388.16
57703569,0.00,311.80,0.00,321.36,14.52,347.56,7.79,418.25
57763368,0.00,284.66,0.00,333.04,3.89,372.70,13.57,311.80