UnixTime;Station;MessageID;Sonde1;Sonde2;Sonde3;Sonde4;Sonde5;Sonde6;Sonde7;watermark
2313941504;WAOU1;1;421.59;407023070.00;7635.21;493783840.00;21786.67;76628.29;477568770.00;19579.86
2313941504;WAOU1;1;414.59;66740796.00;7635.54;50368756.00;21928.39;82290.08;31462588.00;20277.31
2313945145;WAOU1;2;424.64;40439084.00;8172.29;70822744.00;23663.87;116331.00;69424720.00;20930.34
2313941504;WAOU1;3;425.53;42447924.00;8744.21;71218688.00;25388.20;123295.60;72584488.00;21966.75
2313945145;WAOU1;4;424.25;37349244.00;9241.03;70870792.00;26780.80;128512.01;69185600.00;23483.36
2313941504;WAOU1;5;425.23;42164672.00;9683.39;74171760.00;28075.08;133995.20;71870376.00;25380.97
2313945145;WAOU1;6;427.20;40763272.00;10106.15;73215288.00;29310.93;139676.78;71771616.00;27585.62
2313941504;WAOU1;7;425.33;41528116.00;10508.20;71218688.00;30428.93;145650.67;71521008.00;29875.51
2313945145;WAOU1;8;426.12;40664680.00;10929.78;75099480.00;31586.11;152478.63;73742440.00;32294.13
2313941504;WAOU1;9;424.53;43204252.00;11347.94;73107688.00;32749.69;159955.27;74277224.00;35037.79
2313945145;WAOU1;10;427.01;43893524.00;11793.68;71369528.00;33952.48;167340.11;70626416.00;37974.16
2313941504;WAOU1;11;425.43;39898856.00;12208.66;75945648.00;35130.68;174771.09;71820968.00;40989.09
2313945145;WAOU1;12;425.63;42679020.00;12633.08;73369552.00;36283.34;181749.66;73266640.00;44068.62
2313941504;WAOU1;13;425.72;40698020.00;13076.07;72328184.00;37430.02;188236.50;73846688.00;47229.83
2313945145;WAOU1;14;425.83;42947996.00;13496.38;74547536.00;38492.26;193815.44;74494376.00;50459.06
2313941504;WAOU1;15;427.59;43856604.00;13928.98;72690552.00;39574.11;199872.08;74224448.00;53933.43
2313945145;WAOU1;16;426.32;41108888.00;14347.23;73690424.00;40639.77;206205.77;70870792.00;57471.04
2313941504;WAOU1;17;426.81;41442272.00;14756.63;72278144.00;41569.69;211916.03;70822744.00;61197.29
2313945145;WAOU1;18;426.02;43817904.00;15133.35;72483760.00;42430.09;216585.77;71969408.00;65223.70
2313941504;WAOU1;19;427.89;41629272.00;15506.95;73742440.00;43214.38;220888.28;72584488.00;69500.62
2313945145;WAOU1;20;428.68;44103300.00;15888.36;72847688.00;44078.74;226151.88;78572832.00;74135.88
2313941504;WAOU1;21;426.90;40795176.00;16254.47;75599432.00;44911.54;232343.25;73107688.00;78948.65
2313945145;WAOU1;22;426.62;43501656.00;16638.19;73215288.00;45861.63;239106.97;74335360.00;83952.80
2313941504;WAOU1;23;427.59;40860740.00;17017.23;71820968.00;46817.30;246253.61;72128432.00;88605.16
2313945145;WAOU1;24;427.20;42803420.00;17382.98;73000408.00;47739.95;253601.66;72949432.00;93310.09
2313941504;WAOU1;25;426.90;44161200.00;17750.23;76228240.00;48592.67;261009.64;71020160.00;104549.80
2313945145;WAOU1;26;427.30;41544664.00;18129.46;71870376.00;49532.80;269158.00;73638480.00;189366.06
2313941504;WAOU1;27;426.71;43351544.00;18509.92;74277224.00;50500.43;277709.34;73318056.00;1475329.10
2313945145;WAOU1;28;426.51;40167932.00;18916.44;70279528.00;51528.46;286482.16;71969408.00;14217625.00
2313941504;WAOU1;29;426.81;42306684.00;19326.61;74547536.00;52506.48;295358.69;71315928.00;58872540.00
2313945145;WAOU1;30;426.81;40120004.00;19755.28;71722344.00;53507.39;303754.59;71121712.00;69277368.00
2313941504;WAOU1;31;426.41;42875584.00;20200.05;71472072.00;54525.95;312476.88;68303352.00;74986288.00
2313945145;WAOU1;32;426.71;40632976.00;20641.31;70526272.00;55561.67;321445.13;66830484.00;86508400.00
2313941504;WAOU1;33;426.41;40406168.00;21127.95;72898528.00;56675.88;331556.06;74494376.00;83742544.00
2313945145;WAOU1;34;425.72;37737464.00;21621.14;74606096.00;57846.59;342755.69;70090896.00;84713264.00
2313941504;WAOU1;35;426.90;41888532.00;22141.24;74171760.00;59147.96;354778.78;74712800.00;98742088.00
2313945145;WAOU1;36;425.03;41224312.00;22673.60;70822744.00;60500.44;366997.03;71121712.00;87027056.00
2313941504;WAOU1;37;427.30;40992500.00;23217.45;72228168.00;61992.73;381383.69;75375816.00;85706736.00
2313945145;WAOU1;38;426.41;39026360.00;23853.30;72433504.00;63741.48;397705.31;73107688.00;99512824.00
2313941504;WAOU1;39;427.30;40359236.00;24433.84;75430232.00;65323.82;413599.63;75490184.00;82317680.00
2313945145;WAOU1;40;427.69;38219132.00;25076.10;75207608.00;67023.16;431496.94;73904160.00;90823408.00
2313941504;WAOU1;41;426.41;42113576.00;25688.11;76111624.00;68708.85;449417.16;73742440.00;93655352.00
2313945145;WAOU1;42;427.80;40926512.00;26302.72;74061336.00;70265.29;468620.19;73794528.00;98648912.00
2313941504;WAOU1;43;428.28;41342020.00;26921.48;73638480.00;71742.55;489407.34;75045536.00;97699312.00
2313945145;WAOU1;44;428.47;41511580.00;27536.02;76000896.00;73292.97;511996.38;79992416.00;104610960.00
2313941504;WAOU1;45;429.76;41819640.00;28183.67;75099480.00;74976.60;536925.38;76228240.00;95052016.00
2313945145;WAOU1;46;429.37;39236464.00;28832.57;73846688.00;76781.80;565267.75;76228240.00;90500984.00
2313941504;WAOU1;47;429.26;39618284.00;29532.01;75099480.00;78755.75;598514.94;71073320.00;91068712.00
2313945145;WAOU1;48;427.99;40454780.00;30280.52;76799776.00;80985.04;637643.19;72584488.00;86947416.00
2313941504;WAOU1;49;428.19;40992500.00;31080.37;74061336.00;83343.27;684841.13;77916592.00;93320896.00
2313945145;WAOU1;50;427.20;40374864.00;31987.06;73369552.00;86065.47;741739.63;73904160.00;118037850.00
2313941504;WAOU1;51;428.47;41612656.00;33032.32;74659408.00;89342.03;813999.75;75099480.00;96767808.00
2313945145;WAOU1;52;428.47;40390512.00;34180.23;76111624.00;93051.82;904174.13;75045536.00;112695130.00
2313941504;WAOU1;53;428.28;41309256.00;35406.90;73369552.00;96977.45;1011004.60;73904160.00;109211110.00
2313945145;WAOU1;54;427.99;38832956.00;36694.16;74388296.00;101137.66;1129399.00;73794528.00;102407930.00
2313941504;WAOU1;55;428.47;45852348.00;38060.14;76283896.00;105341.82;1255291.00;78214056.00;101888940.00
2313945145;WAOU1;56;427.40;42517164.00;39473.30;75375816.00;109771.57;1403116.60;76912848.00;110038620.00
2313941504;WAOU1;57;427.99;42060908.00;40935.11;78815832.00;114095.20;1556437.40;76687040.00;113960140.00
2313945145;WAOU1;58;429.07;38611388.00;42364.12;73529640.00;118404.91;1710670.80;79864024.00;112331940.00
2313941504;WAOU1;59;428.97;37877384.00;43849.91;74659408.00;122655.97;1866121.00;77736880.00;110984670.00
2313945145;WAOU1;60;428.19;40183420.00;45345.80;76167120.00;126970.05;2026735.40;80305944.00;103543850.00
2313941504;WAOU1;61;429.37;39665024.00;46854.60;76167120.00;131253.75;2173834.00;78513792.00;103862740.00
2313945145;WAOU1;62;427.69;41801196.00;48373.34;76283896.00;135670.83;2345725.50;78454832.00;115636200.00
2313941504;WAOU1;63;427.59;41544664.00;49905.84;75890480.00;140053.66;2542982.00;77974736.00;100488490.00
2313945145;WAOU1;64;428.68;41922220.00;51373.79;77558000.00;143810.80;2725733.80;78875328.00;115905350.00
2313941504;WAOU1;65;427.10;42785856.00;52772.42;76687040.00;147301.88;2911759.30;79126200.00;121282180.00
2313945145;WAOU1;66;427.99;43240084.00;54017.07;75774896.00;150323.27;3109013.80;78815832.00;103759650.00
2313941504;WAOU1;67;429.86;41939084.00;55201.39;76000896.00;152926.95;3306925.80;78875328.00;114084470.00
2313945145;WAOU1;68;427.69;39898856.00;56300.16;75045536.00;155605.77;3581835.50;79675240.00;110866990.00
2313941504;WAOU1;69;428.47;40247032.00;57442.46;74766264.00;158388.33;3849620.50;76395456.00;119004980.00
2313945145;WAOU1;70;428.58;43240084.00;58538.43;76856272.00;161485.91;4206960.00;79553920.00;107814740.00
2313941504;WAOU1;71;428.47;42553604.00;59604.95;75544768.00;164310.53;4543148.00;77443032.00;106464440.00
2313945145;WAOU1;72;428.58;40713916.00;60584.33;77265488.00;167228.36;4947403.00;77858536.00;107471210.00
2313941504;WAOU1;73;429.56;40926512.00;61555.63;78091296.00;169936.73;5427570.00;77443032.00;103759650.00
2313945145;WAOU1;74;427.10;40632976.00;62623.77;72433504.00;173140.55;5966322.50;75774896.00;101998290.00
2313941504;WAOU1;75;428.87;41276544.00;63757.72;75774896.00;176758.64;6669959.00;75544768.00;106129430.00
2313945145;WAOU1;76;430.06;43057956.00;64894.07;77673320.00;180314.84;7358678.00;79246216.00;103543850.00
2313941504;WAOU1;77;427.01;42696496.00;66012.89;72847688.00;183447.28;8118709.00;77974736.00;102407930.00
2313945145;WAOU1;78;427.50;39057076.00;67157.40;74547536.00;186842.00;9137881.00;76743368.00;101888940.00
2313941504;WAOU1;79;428.19;38921424.00;68272.14;75321472.00;189905.77;10009710.00;72741168.00;101090930.00
2313945145;WAOU1;80;427.30;42147628.00;69333.14;76512944.00;193050.14;11061820.00;72847688.00;105370040.00
2313941504;WAOU1;81;427.30;41159204.00;70375.58;75045536.00;196056.72;12131997.00;77794768.00;96580064.00
2313945145;WAOU1;82;428.68;39177468.00;71382.68;77202696.00;198942.05;12882544.00;81009464.00;110387120.00
2313941504;WAOU1;83;428.28;42113576.00;72299.60;75430232.00;201856.52;14949051.00;72634960.00;95320712.00
2313945145;WAOU1;84;428.68;42659812.00;73183.25;75774896.00;204803.02;16207328.00;75714488.00;100788810.00
2313941504;WAOU1;85;428.38;42465212.00;74120.48;76630792.00;208142.41;18280998.00;76000896.00;110387120.00
2313945145;WAOU1;86;428.28;39914136.00;75031.06;75375816.00;211726.84;20097292.00;77858536.00;114221550.00
2313941504;WAOU1;87;428.58;40713916.00;75916.14;75321472.00;215370.27;22059206.00;75490184.00;109795970.00
2313945145;WAOU1;88;428.38;40215976.00;76798.30;76799776.00;218992.47;26314126.00;78149704.00;107239720.00
2313941504;WAOU1;89;428.97;42306684.00;77734.42;75829896.00;223255.80;28582978.00;72634960.00;104391610.00
2313945145;WAOU1;90;429.86;41750976.00;78866.37;75430232.00;228619.13;33785312.00;75890480.00;95590920.00
2313941504;WAOU1;91;428.28;44547932.00;80026.48;76856272.00;234335.00;37089980.00;77794768.00;109439720.00
2313945145;WAOU1;92;428.58;40503512.00;81078.58;75945648.00;239522.33;42164672.00;71969408.00;98453816.00
2313941504;WAOU1;93;429.26;41309256.00;82107.07;77265488.00;244190.73;46374256.00;76912848.00;100993270.00
2313945145;WAOU1;94;428.68;40745748.00;82942.64;75261784.00;248246.52;49151472.00;74388296.00;115253860.00
2313941504;WAOU1;95;428.38;40152460.00;83811.34;77736880.00;252814.78;53829644.00;79366600.00;96580064.00
2313945145;WAOU1;96;430.84;40648820.00;84756.38;73000408.00;257469.64;56834032.00;75544768.00;99022680.00
2313941504;WAOU1;97;427.89;39914136.00;85860.30;76630792.00;263024.47;60158232.00;75599432.00;102197700.00
2313945145;WAOU1;98;429.16;41409348.00;87051.67;77202696.00;268861.06;62675160.00;74659408.00;102922070.00
2313941504;WAOU1;99;429.67;42130592.00;88352.04;74441296.00;275065.91;60622808.00;74494376.00;102407930.00
2313945145;WAOU1;100;430.36;40568140.00;89686.06;76975184.00;281060.84;61723012.00;68258720.00;130254430.00
2313941504;WAOU1;101;428.08;39115712.00;90959.98;72690552.00;287255.00;64295960.00;73846688.00;107592850.00
2313945145;WAOU1;102;428.68;39866808.00;92368.27;70774752.00;293029.06;65534648.00;74986288.00;97226816.00
2313941504;WAOU1;103;428.47;39727012.00;93643.41;73266640.00;298592.19;65534648.00;76451360.00;103656780.00
2313945145;WAOU1;104;427.59;40009128.00;94826.84;73904160.00;303826.47;68442104.00;75654184.00;106910770.00
2313941504;WAOU1;105;429.46;42428920.00;95960.59;75375816.00;309111.69;69231456.00;73904160.00;112211390.00
2313945145;WAOU1;106;428.28;40454780.00;97041.93;76056224.00;313882.69;72128432.00;74712800.00;105041860.00
2313941504;WAOU1;107;428.97;41159204.00;98030.21;72847688.00;319216.09;68258720.00;76687040.00;109669300.00
2313945145;WAOU1;108;427.69;41091064.00;98961.88;74932504.00;324406.91;74335360.00;73529640.00;93146272.00
2313941504;WAOU1;109;428.08;42358248.00;99953.92;74659408.00;330121.84;64458676.00;76283896.00;107592850.00
2313945145;WAOU1;110;429.16;42306684.00;100942.90;76975184.00;336320.28;66873276.00;76512944.00;104287490.00
2313941504;WAOU1;111;428.08;41460404.00;101879.13;76799776.00;342208.09;72634960.00;75207608.00;104715740.00
