2313941504;WAOU1;1;990000.00:347164.81:976948.63:355446.44:964249.00:360844.53:82006.96:79071.64
2313941563;WAOU1;2;990000.00:349265.53:978370.69:355861.28:964350.94:360502.28:82690.52:79169.71
2313941623;WAOU1;3;990000.00:347574.56:976238.25:354665.88:963977.56:360530.97:81404.72:82174.90
2313941683;WAOU1;4;990000.00:350499.28:974948.81:354132.19:964162.38:360287.97:83157.75:79769.48
2313941743;WAOU1;5;990000.00:349669.50:974510.50:356065.09:964943.06:360136.78:83953.07:80547.45
2313941803;WAOU1;6;990000.00:348877.72:974293.31:355507.22:963890.69:361836.13:83685.52:79433.95
2313941863;WAOU1;7;990000.00:347816.63:973889.56:353310.31:964388.50:363259.53:83560.30:80234.11
2313941923;WAOU1;8;990000.00:348099.41:974061.06:354783.66:964260.19:361305.88:82080.73:79615.82
2313941983;WAOU1;9;990000.00:347147.22:973843.94:354980.16:964392.25:361590.88:83014.36:80136.74
2313942043;WAOU1;10;990000.00:348608.75:973813.50:354849.75:964328.06:362786.03:83920.02:79845.13
2313942103;WAOU1;11;990000.00:346228.00:973558.19:350852.50:964569.63:359381.38:82435.02:79656.41
2313942163;WAOU1;12;990000.00:348815.88:973653.56:352920.28:964347.31:360745.41:82526.95:79438.44
2313942222;WAOU1;13;990000.00:348078.16:973402.06:355026.53:964407.38:361149.03:83034.89:79781.87
2313942282;WAOU1;14;990000.00:351557.66:973603.88:353427.88:964362.19:360315.00:90934.84:79087.34
2313942342;WAOU1;15;990000.00:348203.84:973832.56:358403.94:966487.69:357562.38:92305.97:81974.04
2313941504;WAOU1;1;974377.38:341017.66:971599.69:345222.13:964222.56:350914.56:55147.55:51693.66
2313941504;WAOU1;1;974304.69:339026.47:971170.38:350350.22:964335.88:357166.31:54841.41:56032.79
2313941504;WAOU1;1;990000.00:343476.44:990000.00:355373.16:964098.19:347821.81:39298.43:39172.98
2313941504;WAOU1;1;990000.00:339806.44:990000.00:346757.19:964343.44:347108.28:38109.41:37590.96
2313941504;WAOU1;1;979239.31:336443.44:971500.81:346254.56:964486.56:351390.53:48120.92:41591.38
2313941504;WAOU1;1;19.35:29.03:20.30:29.98:19.35:34.82:49.33:38.71
2313941563;WAOU1;2;31.86:62.90:32.93:64.91:34.82:79.43:27.14:43.55
2313941623;WAOU1;3;0.00:205.23:0.00:186.82:14.52:240.99:9.68:295.28
2313941683;WAOU1;4;0.94:274.86:0.00:217.74:14.52:253.62:9.68:378.60
2313941743;WAOU1;5;0.00:264.24:0.00:149.06:8.73:299.06:8.73:207.24
2313941504;WAOU1;1;0.00:299.06:0.00:229.43:9.68:216.80:9.68:335.99
2313941563;WAOU1;2;0.00:206.18:0.00:196.50:0.00:350.51:11.57:274.86
2313941623;WAOU1;3;0.00:276.87:0.00:96.77:18.41:314.63:6.84:415.30
2313941683;WAOU1;4;0.00:310.74:0.00:256.45:15.46:228.48:12.51:285.60
2313941743;WAOU1;5;0.00:230.37:0.00:279.70:12.51:261.41:11.57:357.24
2313941802;WAOU1;6;0.00:302.95:0.94:161.68:9.68:266.25:4.84:264.24
2313941862;WAOU1;7;0.00:294.33:0.00:228.48:10.62:287.49:8.73:295.28
2313941922;WAOU1;8;0.00:263.30:0.00:233.20:9.68:316.52:14.52:346.62
2313941982;WAOU1;9;0.00:262.35:0.00:175.14:8.73:364.91:6.84:278.76
2313942042;WAOU1;10;0.00:279.70:0.00:191.66:19.35:287.49:16.40:416.36
2313942101;WAOU1;11;0.00:261.41:0.00:260.35:12.51:268.14:10.62:336.94
2313942161;WAOU1;12;0.00:264.24:0.00:164.63:12.51:332.10:15.46:333.99
2313942221;WAOU1;13;0.00:258.46:0.00:222.70:10.62:336.94:7.79:252.67
2313942281;WAOU1;14;0.00:276.87:0.00:274.86:8.73:354.41:7.79:304.01
2313942341;WAOU1;15;0.00:282.65:0.00:256.45:9.68:392.05:21.36:321.36
2313942400;WAOU1;16;0.00:281.71:0.00:186.82:11.57:313.69:12.51:428.87
2313942460;WAOU1;17;0.00:260.35:0.00:284.66:15.46:270.14:11.57:369.87
2313942520;WAOU1;18;0.00:276.87:0.00:216.80:13.57:217.74:6.84:302.01
2313942580;WAOU1;19;0.00:243.94:0.00:225.53:8.73:282.65:5.90:309.80
2313942640;WAOU1;20;0.00:269.20:0.00:235.21:7.79:260.35:15.46:340.72
2313942699;WAOU1;21;0.00:296.22:0.00:243.00:11.57:254.56:10.62:278.76
2313942759;WAOU1;22;0.00:243.00:0.00:202.28:12.51:300.12:5.90:270.14
2313942819;WAOU1;23;0.00:300.12:0.00:199.45:14.52:291.38:10.62:369.87
2313942879;WAOU1;24;0.00:253.62:0.00:219.75:28.09:329.15:8.73:352.40
2313942939;WAOU1;25;0.00:296.22:0.94:224.59:4.84:333.99:11.57:294.33
2313942998;WAOU1;26;0.00:322.30:0.00:209.13:12.51:249.84:12.51:298.11
2313943058;WAOU1;27;0.00:218.80:0.00:293.39:11.57:286.55:16.40:280.76
2313943118;WAOU1;28;0.00:315.58:0.00:194.49:11.57:294.33:19.35:427.93
2313943178;WAOU1;29;0.00:196.50:0.00:160.74:9.68:302.95:12.51:376.59
2313943238;WAOU1;30;0.00:218.80:0.00:172.31:8.73:304.96:9.68:337.88
2313943297;WAOU1;31;0.00:225.53:0.94:243.94:12.51:383.32:13.57:408.58
2313943357;WAOU1;32;0.00:229.43:0.00:273.92:4.84:271.09:9.68:336.94
2313943417;WAOU1;33;0.00:243.94:0.00:220.69:9.68:311.80:13.57:270.14
2313943477;WAOU1;34;0.00:318.41:0.00:211.01:11.57:288.55:9.68:393.12
2313943537;WAOU1;35;0.00:166.52:0.00:237.10:10.62:288.55:12.51:423.09
2313943596;WAOU1;36;0.00:299.06:0.00:246.89:9.68:259.40:7.79:402.79
2313943656;WAOU1;37;0.00:298.11:0.00:146.22:16.40:255.51:13.57:353.34
2313943716;WAOU1;38;0.00:210.07:0.00:235.21:8.73:336.94:14.52:364.91
2313943776;WAOU1;39;0.00:262.35:0.00:188.83:13.57:302.95:11.57:354.41
2313943836;WAOU1;40;0.00:219.75:0.00:172.31:7.79:338.83:11.57:374.70
2313943895;WAOU1;41;0.00:275.81:0.00:253.62:12.51:269.20:11.57:327.26
2313943955;WAOU1;42;0.00:281.71:0.00:237.10:19.35:431.82:6.84:359.24
2313944015;WAOU1;43;0.00:245.95:0.00:158.73:4.84:323.37:13.57:473.48
2313944075;WAOU1;44;0.00:245.95:0.00:240.05:14.52:311.80:9.68:351.46
2313944135;WAOU1;45;0.00:243.94:0.00:215.85:22.31:280.76:13.57:341.66
2313944194;WAOU1;46;0.00:265.30:0.00:233.20:14.52:252.67:7.79:341.66
2313944254;WAOU1;47;0.00:260.35:0.00:256.45:9.68:314.63:10.62:362.08
2313944314;WAOU1;48;0.00:227.54:0.00:204.29:14.52:350.51:6.84:369.87
2313944374;WAOU1;49;0.00:250.79:0.00:240.99:21.36:399.84:7.79:363.02
2313944434;WAOU1;50;0.00:219.75:0.00:230.37:8.73:354.41:14.52:310.74
2313944493;WAOU1;51;0.00:221.64:0.00:203.34:5.90:346.62:7.79:316.52
2313944553;WAOU1;52;0.00:192.60:0.00:258.46:11.57:369.87:5.90:391.11
2313944613;WAOU1;53;0.00:249.84:0.00:200.39:13.57:313.69:4.84:404.68
2313944673;WAOU1;54;0.00:297.17:0.00:221.64:5.90:316.52:4.84:329.15
2313944733;WAOU1;55;0.00:184.93:0.00:312.75:5.90:327.26:15.46:312.75
2313944792;WAOU1;56;0.00:257.51:0.00:214.91:15.46:393.12:8.73:315.58
2313944852;WAOU1;57;0.00:245.95:0.00:244.89:6.84:382.38:22.31:328.21
2313944912;WAOU1;58;0.00:231.31:0.00:187.88:9.68:282.65:8.73:325.26
2313944972;WAOU1;59;0.00:258.46:0.00:216.80:13.57:252.67:9.68:395.00
2313945032;WAOU1;60;0.00:286.55:0.00:264.24:9.68:378.60:11.57:364.91
2313945091;WAOU1;61;0.00:276.87:0.00:271.09:13.57:355.35:6.84:353.34
2313945151;WAOU1;62;0.00:281.71:0.00:176.20:13.57:338.83:17.47:403.74
2313945211;WAOU1;63;0.00:220.69:0.94:203.34:10.62:320.42:9.68:438.55
2313945271;WAOU1;64;0.00:240.05:0.00:196.50:5.90:296.22:6.84:290.44
2313945331;WAOU1;65;0.00:401.85:0.00:240.05:18.41:252.67:9.68:376.59
2313945390;WAOU1;66;0.00:231.31:0.00:187.88:16.40:317.47:7.79:350.51
2313945450;WAOU1;67;0.00:235.21:0.00:229.43:20.30:317.47:5.90:326.20
2313945510;WAOU1;68;0.00:246.89:0.00:242.05:12.51:300.12:8.73:449.29
2313945570;WAOU1;69;0.00:273.92:0.00:199.45:11.57:297.17:13.57:423.09
2313945630;WAOU1;70;0.00:272.97:0.00:239.10:13.57:248.78:11.57:374.70
2313945689;WAOU1;71;0.00:247.84:0.00:175.14:22.31:299.06:8.73:342.72
2313945749;WAOU1;72;0.00:269.20:0.00:181.04:7.79:340.72:20.30:381.43
2313945809;WAOU1;73;0.00:254.56:0.00:206.18:10.62:305.90:11.57:405.63
2313945869;WAOU1;74;0.00:244.89:0.00:274.86:4.84:259.40:8.73:314.63
2313945929;WAOU1;75;0.00:281.71:0.00:163.57:6.84:281.71:11.57:293.39
2313945988;WAOU1;76;0.00:254.56:0.00:254.56:14.52:338.83:12.51:366.92
2313946048;WAOU1;77;0.00:224.59:0.00:205.23:14.52:252.67:12.51:316.52
2313946108;WAOU1;78;0.00:289.50:0.00:181.04:11.57:326.20:9.68:345.55
2313946168;WAOU1;79;0.00:238.16:0.00:275.81:6.84:247.84:7.79:365.97
2313946227;WAOU1;80;0.00:262.35:0.00:244.89:15.46:318.41:8.73:424.15
2313946287;WAOU1;81;0.00:243.94:0.00:212.90:16.40:273.92:13.57:291.38
2313946347;WAOU1;82;0.00:257.51:0.00:272.97:6.84:318.41:3.89:360.19
2313946407;WAOU1;83;0.00:298.11:0.00:302.95:8.73:324.31:11.57:274.86
2313946467;WAOU1;84;0.00:331.16:0.00:205.23:2.01:313.69:11.57:392.05
2313946526;WAOU1;85;0.00:233.20:0.00:245.95:16.40:306.84:13.57:399.84
2313946586;WAOU1;86;0.00:234.26:0.00:208.18:15.46:304.96:14.52:371.75
2313946646;WAOU1;87;0.00:234.26:0.00:195.55:5.90:246.89:14.52:366.92
2313946706;WAOU1;88;0.00:227.54:0.00:344.61:16.40:398.90:12.51:322.30
2313946766;WAOU1;89;0.00:286.55:0.00:174.19:10.62:339.77:5.90:394.06
2313946825;WAOU1;90;0.00:248.78:0.00:185.88:6.84:347.56:6.84:333.99
2313946885;WAOU1;91;0.00:318.41:0.00:230.37:4.84:354.41:9.68:458.97
2313946945;WAOU1;92;0.00:221.64:0.00:233.20:13.57:344.61:14.52:519.98
2313947005;WAOU1;93;0.00:340.72:0.00:243.00:18.41:348.50:7.79:363.02
2313947065;WAOU1;94;0.00:335.05:0.00:296.22:19.35:292.45:12.51:351.46
2313947124;WAOU1;95;0.00:233.20:0.00:302.95:18.41:222.70:10.62:338.83
2313947184;WAOU1;96;0.00:228.48:0.00:196.50:21.36:276.87:9.68:351.46
2313947244;WAOU1;97;0.00:221.64:0.00:238.16:8.73:272.97:11.57:398.90
2313947304;WAOU1;98;0.00:181.98:0.00:280.76:15.46:349.45:8.73:385.33
2313947364;WAOU1;99;0.00:276.87:0.94:277.81:12.51:376.59:8.73:331.16
2313947423;WAOU1;100;0.00:224.59:0.00:217.74:12.51:253.62:9.68:411.41
2313947483;WAOU1;101;0.00:306.84:0.00:256.45:8.73:268.14:8.73:367.86
2313947543;WAOU1;102;0.00:309.80:0.00:240.05:9.68:240.99:19.35:338.83
2313947603;WAOU1;103;0.00:256.45:0.00:208.18:10.62:329.15:6.84:348.50
2313947663;WAOU1;104;0.00:310.74:0.00:251.73:15.46:287.49:8.73:359.24
2313947722;WAOU1;105;0.00:289.50:0.00:181.98:10.62:310.74:13.57:371.75
2313947782;WAOU1;106;0.00:246.89:0.00:221.64:8.73:310.74:9.68:356.29
2313947842;WAOU1;107;0.00:221.64:0.00:188.83:3.89:226.59:6.84:297.17
2313947902;WAOU1;108;0.00:187.88:0.00:230.37:7.79:200.39:12.51:406.57
2313947962;WAOU1;109;0.00:258.46:0.00:186.82:6.84:299.06:13.57:348.50
2313948021;WAOU1;110;0.00:245.95:0.00:259.40:16.40:267.19:19.35:410.46
2313948081;WAOU1;111;0.00:258.46:0.00:172.31:5.90:365.97:13.57:388.16
2313948141;WAOU1;112;0.00:234.26:0.00:231.31:5.90:261.41:15.46:243.00
2313948201;WAOU1;113;0.00:187.88:0.00:149.06:13.57:357.24:11.57:374.70
2313948261;WAOU1;114;0.00:268.14:0.00:255.51:14.52:267.19:7.79:355.35
2313948320;WAOU1;115;0.00:313.69:0.00:190.72:3.89:284.66:5.90:322.30
2313948380;WAOU1;116;0.00:308.85:0.94:213.85:8.73:309.80:8.73:368.80
2313948440;WAOU1;117;0.00:327.26:2.01:264.24:11.57:306.84:5.90:344.61
2313948500;WAOU1;118;0.00:188.83:0.00:258.46:4.84:363.97:10.62:439.61
2313948560;WAOU1;119;0.00:243.94:0.00:262.35:11.57:351.46:9.68:342.72
2313948619;WAOU1;120;0.00:243.94:0.00:197.44:8.73:310.74:20.30:410.46
2313948679;WAOU1;121;0.00:268.14:0.00:254.56:12.51:295.28:8.73:333.99
2313941504;WAOU1;122;0.00:255.51:0.00:170.30:14.52:341.66:12.51:337.88
2313941563;WAOU1;123;0.00:244.89:0.00:237.10:8.73:325.26:18.41:384.26
2313941623;WAOU1;124;0.00:210.07:0.00:172.31:9.68:299.06:12.51:335.99
2313941683;WAOU1;125;0.00:362.08:0.94:238.16:12.51:335.99:9.68:333.99
2313941743;WAOU1;126;0.00:264.24:0.00:205.23:3.89:243.00:3.89:432.77
2313941802;WAOU1;127;0.00:271.09:0.00:224.59:9.68:252.67:6.84:441.50
2313941862;WAOU1;128;0.00:295.28:0.94:272.97:11.57:441.50:6.84:386.27
2313941922;WAOU1;129;0.00:194.49:0.94:211.01:15.46:337.88:5.90:282.65
2313941982;WAOU1;130;0.00:283.60:0.00:200.39:17.47:311.80:12.51:380.49
2313942042;WAOU1;131;0.00:226.59:0.00:218.80:6.84:339.77:10.62:441.50
2313942101;WAOU1;132;0.00:268.14:0.00:227.54:8.73:319.47:4.84:256.45
2313942161;WAOU1;133;0.00:281.71:0.00:207.24:20.30:305.90:14.52:421.20
2313942221;WAOU1;134;0.00:301.06:0.00:279.70:16.40:320.42:17.47:394.06
2313942281;WAOU1;135;0.00:296.22:0.00:187.88:9.68:313.69:5.90:338.83
2313942341;WAOU1;136;0.00:201.34:0.00:236.15:14.52:363.02:8.73:342.72
2313942400;WAOU1;137;0.00:275.81:0.00:271.09:13.57:272.03:8.73:330.09
2313942460;WAOU1;138;0.00:227.54:0.00:185.88:15.46:278.76:10.62:361.13
2313942520;WAOU1;139;0.00:268.14:0.00:228.48:7.79:341.66:11.57:363.02
2313942580;WAOU1;140;0.00:291.38:0.00:278.76:12.51:228.48:9.68:418.25
2313942640;WAOU1;141;0.00:211.01:2.01:249.84:7.79:322.30:2.01:322.30
2313942699;WAOU1;142;0.00:240.05:0.00:245.95:5.90:378.60:5.90:424.15
2313942759;WAOU1;143;0.00:248.78:0.00:238.16:8.73:340.72:9.68:409.52
2313942819;WAOU1;144;0.00:265.30:0.00:198.39:9.68:392.05:2.95:400.90
2313942879;WAOU1;145;0.00:243.94:0.00:254.56:3.89:272.03:14.52:395.00
2313942939;WAOU1;146;0.00:318.41:0.00:256.45:2.95:408.58:18.41:421.20
2313942998;WAOU1;147;0.00:195.55:0.00:224.59:5.90:300.12:7.79:366.92
2313943058;WAOU1;148;0.00:240.05:0.94:285.60:5.90:326.20:10.62:293.39
2313943118;WAOU1;149;0.00:322.30:0.00:263.30:6.84:291.38:8.73:328.21
2313943178;WAOU1;150;0.00:351.46:0.00:218.80:11.57:322.30:15.46:394.06
2313943238;WAOU1;151;0.00:259.40:0.00:192.60:4.84:331.16:24.19:415.30
2313943297;WAOU1;152;0.00:242.05:0.00:252.67:10.62:320.42:14.52:398.90
2313943357;WAOU1;153;0.00:287.49:0.00:224.59:17.47:252.67:11.57:389.22
2313943417;WAOU1;154;0.00:214.91:0.00:152.95:19.35:318.41:11.57:274.86
2313943477;WAOU1;155;0.00:251.73:0.00:288.55:22.31:305.90:11.57:296.22
2313943537;WAOU1;156;0.00:279.70:0.00:240.99:7.79:430.76:7.79:335.05
2313943596;WAOU1;157;0.00:277.81:0.00:230.37:12.51:276.87:11.57:275.81
2313943656;WAOU1;158;0.00:255.51:0.94:262.35:8.73:332.10:10.62:272.97
2313943716;WAOU1;159;0.00:304.01:0.00:296.22:12.51:288.55:14.52:390.16
2313943776;WAOU1;160;0.00:201.34:0.00:196.50:13.57:389.22:9.68:272.03
2313943836;WAOU1;161;0.94:316.52:0.00:302.01:10.62:279.70:16.40:351.46
2313943895;WAOU1;162;0.00:254.56:0.00:218.80:8.73:258.46:10.62:335.05
2313943955;WAOU1;163;0.00:294.33:0.00:191.66:5.90:325.26:9.68:292.45
2313944015;WAOU1;164;0.00:255.51:0.94:248.78:5.90:252.67:4.84:343.67
2313944075;WAOU1;165;0.00:278.76:0.94:245.95:15.46:221.64:2.01:464.75
2313944135;WAOU1;166;0.00:251.73:0.00:263.30:14.52:377.66:12.51:264.24
2313944194;WAOU1;167;0.00:315.58:0.00:181.98:15.46:331.16:13.57:316.52
2313944254;WAOU1;168;0.00:197.44:0.94:187.88:12.51:349.45:7.79:369.87
2313944314;WAOU1;169;0.00:274.86:0.00:258.46:13.57:335.05:5.90:424.15
2313944374;WAOU1;170;0.00:302.01:0.00:210.07:17.47:352.40:9.68:367.86
2313944434;WAOU1;171;0.00:240.99:0.00:213.85:8.73:304.96:6.84:376.59
2313944493;WAOU1;172;0.00:247.84:0.00:206.18:5.90:350.51:12.51:397.01
2313944553;WAOU1;173;0.00:269.20:0.00:195.55:13.57:357.24:17.47:361.13
2313944613;WAOU1;174;0.00:286.55:0.00:211.96:7.79:257.51:18.41:366.92
2313944673;WAOU1;175;0.00:260.35:0.00:191.66:13.57:333.99:13.57:368.80
2313944733;WAOU1;176;0.00:280.76:0.00:217.74:9.68:408.58:11.57:472.54
2313944792;WAOU1;177;0.00:319.47:0.00:225.53:3.89:367.86:11.57:426.04
2313944852;WAOU1;178;0.00:268.14:0.00:199.45:8.73:353.34:18.41:481.16
2313944912;WAOU1;179;0.00:273.92:0.00:258.46:16.40:466.76:16.40:321.36
2313944972;WAOU1;180;0.00:186.82:0.00:175.14:7.79:368.80:6.84:405.63
2313945032;WAOU1;181;0.00:275.81:0.00:202.28:14.52:287.49:2.01:358.18
2313945091;WAOU1;182;0.00:314.63:0.00:190.72:7.79:234.26:13.57:320.42
2313945151;WAOU1;183;0.00:298.11:0.00:276.87:9.68:264.24:10.62:366.92
2313945211;WAOU1;184;0.00:287.49:0.00:268.14:8.73:345.55:21.36:347.56
2313945271;WAOU1;185;0.00:280.76:0.00:237.10:12.51:317.47:6.84:258.46
2313945331;WAOU1;186;0.00:344.61:0.00:203.34:7.79:275.81:12.51:444.45
2313945390;WAOU1;187;0.00:209.13:0.00:253.62:15.46:373.76:14.52:408.58
2313945450;WAOU1;188;0.00:285.60:0.00:178.09:6.84:406.57:13.57:432.77
2313945510;WAOU1;189;0.00:279.70:0.00:272.97:8.73:302.01:8.73:333.04
2313945570;WAOU1;190;0.00:352.40:0.00:231.31:7.79:280.76:11.57:310.74
2313945630;WAOU1;191;0.00:265.30:0.00:265.30:4.84:242.05:14.52:400.90
2313945689;WAOU1;192;0.00:270.14:0.00:245.95:15.46:286.55:8.73:319.47
2313945749;WAOU1;193;0.00:309.80:0.00:208.18:6.84:289.50:6.84:307.91
2313945809;WAOU1;194;0.00:335.99:0.00:242.05:15.46:365.97:11.57:343.67
2313945869;WAOU1;195;0.00:211.01:0.00:223.64:12.51:282.65:16.40:354.41
2313945929;WAOU1;196;0.00:258.46:0.00:227.54:14.52:299.06:14.52:312.75
2313945988;WAOU1;197;0.00:325.26:0.00:206.18:7.79:297.17:10.62:293.39
2313946048;WAOU1;198;0.00:328.21:0.00:224.59:22.31:372.70:8.73:376.59
2313946108;WAOU1;199;0.00:245.95:0.00:263.30:8.73:281.71:6.84:369.87
2313946168;WAOU1;200;0.00:237.10:0.00:275.81:14.52:374.70:10.62:409.52
2313946228;WAOU1;201;0.00:304.96:0.00:272.97:9.68:304.01:9.68:394.06
2313946287;WAOU1;202;0.00:212.90:0.94:178.09:13.57:339.77:12.51:418.25
2313946347;WAOU1;203;0.00:297.17:0.00:137.49:7.79:347.56:5.90:329.15
2313946407;WAOU1;204;0.00:298.11:0.00:203.34:2.01:319.47:14.52:277.81
2313946467;WAOU1;205;0.00:281.71:0.00:203.34:20.30:414.36:9.68:357.24
2313946527;WAOU1;206;0.00:266.25:0.00:210.07:11.57:291.38:12.51:408.58
2313946586;WAOU1;207;0.00:265.30:0.00:180.09:13.57:321.36:4.84:352.40
2313946646;WAOU1;208;0.00:233.20:0.00:220.69:10.62:374.70:8.73:384.26
2313946706;WAOU1;209;0.00:209.13:0.00:258.46:17.47:333.04:9.68:310.74
2313946766;WAOU1;210;0.00:252.67:0.00:190.72:13.57:295.28:15.46:306.84
2313946826;WAOU1;211;0.00:202.28:0.00:240.05:6.84:272.03:7.79:453.07
2313946885;WAOU1;212;0.00:236.15:0.00:261.41:7.79:264.24:13.57:332.10
2313946945;WAOU1;213;0.00:268.14:0.00:198.39:9.68:367.86:12.51:382.38
2313947005;WAOU1;214;0.00:270.14:0.00:243.94:15.46:379.54:17.47:280.76
2313947065;WAOU1;215;0.00:290.44:0.00:248.78:18.41:337.88:12.51:354.41
2313947125;WAOU1;216;0.00:209.13:0.00:235.21:8.73:333.99:10.62:295.28
2313947184;WAOU1;217;0.00:311.80:0.94:268.14:13.57:243.94:10.62:351.46
2313947244;WAOU1;218;0.00:310.74:0.00:260.35:8.73:315.58:13.57:541.34
2313947304;WAOU1;219;0.00:206.18:0.00:278.76:10.62:332.10:11.57:371.75
2313947364;WAOU1;220;0.00:218.80:0.00:280.76:11.57:321.36:15.46:408.58
2313947424;WAOU1;221;0.00:369.87:0.94:309.80:5.90:300.12:21.36:463.81
2313947483;WAOU1;222;0.00:323.37:0.00:240.99:11.57:264.24:6.84:291.38
2313947543;WAOU1;223;0.00:261.41:0.94:248.78:11.57:289.50:11.57:398.90
2313947603;WAOU1;224;0.00:245.95:0.94:204.29:8.73:332.10:11.57:368.80
2313947663;WAOU1;225;0.00:315.58:0.00:211.96:14.52:381.43:5.90:394.06
2313947723;WAOU1;226;0.00:245.95:0.00:223.64:15.46:345.55:6.84:384.26
2313947782;WAOU1;227;0.00:316.52:0.00:248.78:23.25:282.65:10.62:438.55
2313947842;WAOU1;228;0.00:288.55:0.00:240.05:7.79:316.52:11.57:422.15
2313947902;WAOU1;229;0.00:321.36:0.00:257.51:7.79:342.72:7.79:395.95
2313947962;WAOU1;230;0.00:289.50:0.00:187.88:22.31:312.75:16.40:366.92
2313948022;WAOU1;231;0.00:296.22:2.01:223.64:7.79:422.15:3.89:356.29
2313948081;WAOU1;232;0.00:272.97:0.00:296.22:6.84:289.50:15.46:353.34
2313948141;WAOU1;233;0.00:325.26:0.00:292.45:10.62:280.76:8.73:355.35
2313948201;WAOU1;234;0.00:272.97:0.00:238.16:13.57:291.38:13.57:409.52
2313948261;WAOU1;235;0.00:260.35:0.00:212.90:8.73:244.89:13.57:426.04
2313948321;WAOU1;236;0.00:266.25:0.00:191.66:10.62:271.09:15.46:335.99
2313948380;WAOU1;237;0.00:207.24:0.00:178.09:14.52:306.84:4.84:433.71
2313948440;WAOU1;238;0.00:291.38:0.00:204.29:13.57:330.09:8.73:302.95
2313948500;WAOU1;239;0.00:285.60:0.00:219.75:17.47:415.30:11.57:382.38
2313948560;WAOU1;240;0.00:299.06:0.00:205.23:13.57:361.13:14.52:323.37
2313948620;WAOU1;241;0.00:327.26:0.00:253.62:5.90:404.68:13.57:319.47
2313948679;WAOU1;242;0.00:271.09:0.00:281.71:10.62:262.35:8.73:336.94
2313941504;WAOU1;243;0.00:233.20:0.94:223.64:10.62:306.84:16.40:346.62
2313941563;WAOU1;244;0.00:258.46:0.00:227.54:4.84:323.37:11.57:476.32
2313941623;WAOU1;245;0.00:310.74:0.00:272.03:8.73:292.45:13.57:299.06
2313941683;WAOU1;246;0.00:242.05:0.00:285.60:10.62:300.12:8.73:295.28
2313941743;WAOU1;247;0.00:206.18:0.00:259.40:7.79:293.39:7.79:270.14
2313941802;WAOU1;248;0.00:314.63:2.95:206.18:9.68:324.31:13.57:405.63
2313941862;WAOU1;249;0.00:240.05:0.00:209.13:5.90:329.15:15.46:472.54
2313941922;WAOU1;250;0.00:257.51:0.00:232.26:6.84:344.61:7.79:354.41
2313941982;WAOU1;251;0.00:260.35:2.01:223.64:20.30:315.58:19.35:435.72
2313942042;WAOU1;252;0.00:307.91:0.00:238.16:15.46:314.63:15.46:271.09
2313942101;WAOU1;253;0.00:244.89:0.00:269.20:11.57:281.71:19.35:419.20
2313942161;WAOU1;254;0.00:242.05:0.00:260.35:8.73:424.15:9.68:337.88
2313942221;WAOU1;255;0.00:285.60:0.94:186.82:8.73:366.92:14.52:482.22
2313942281;WAOU1;256;0.00:301.06:0.00:181.04:10.62:272.03:12.51:371.75
2313942341;WAOU1;257;0.00:263.30:0.00:224.59:13.57:413.41:17.47:397.01
2313942400;WAOU1;258;0.00:301.06:0.00:254.56:13.57:300.12:16.40:467.70
2313942460;WAOU1;259;0.00:231.31:0.00:221.64:9.68:273.92:5.90:434.66
2313942520;WAOU1;260;0.00:301.06:0.00:317.47:19.35:390.16:10.62:299.06
2313942580;WAOU1;261;0.00:291.38:0.00:277.81:18.41:395.95:13.57:402.79
2313942640;WAOU1;262;0.00:240.05:0.00:274.86:12.51:417.31:15.46:354.41
2313942699;WAOU1;263;0.00:227.54:0.00:205.23:8.73:288.55:9.68:371.75
2313942759;WAOU1;264;0.00:208.18:0.00:187.88:8.73:293.39:12.51:367.86
2313942819;WAOU1;265;0.00:271.09:0.00:258.46:2.95:325.26:10.62:390.16
2313942879;WAOU1;266;0.00:247.84:0.00:199.45:7.79:424.15:4.84:527.65
2313942939;WAOU1;267;0.00:268.14:0.00:228.48:14.52:344.61:9.68:393.12
2313942998;WAOU1;268;0.00:239.10:0.00:211.01:8.73:327.26:16.40:401.85
2313943058;WAOU1;269;0.00:275.81:0.00:256.45:5.90:374.70:7.79:398.90
2313943118;WAOU1;270;0.00:284.66:0.00:269.20:8.73:293.39:9.68:324.31
2313943178;WAOU1;271;0.00:272.97:0.00:248.78:0.00:376.59:17.47:364.91
2313943238;WAOU1;272;0.00:272.97:0.00:272.97:10.62:418.25:7.79:371.75
2313943297;WAOU1;273;0.00:270.14:0.00:221.64:8.73:395.95:10.62:407.51
2313943357;WAOU1;274;0.00:290.44:0.00:180.09:13.57:330.09:8.73:398.90
2313943417;WAOU1;275;0.94:256.45:0.94:201.34:7.79:417.31:11.57:373.76
2313943477;WAOU1;276;0.00:281.71:0.00:282.65:3.89:427.93:8.73:368.80
2313943537;WAOU1;277;0.00:362.08:0.00:247.84:8.73:397.95:7.79:322.30
2313943596;WAOU1;278;0.00:212.90:0.00:213.85:20.30:302.95:14.52:379.54
2313943656;WAOU1;279;0.00:273.92:0.00:253.62:10.62:381.43:2.01:392.05
2313943716;WAOU1;280;0.00:260.35:0.00:270.14:15.46:295.28:8.73:426.99
2313943776;WAOU1;281;0.00:287.49:0.00:213.85:14.52:451.18:5.90:374.70
2313943836;WAOU1;282;0.00:251.73:0.00:148.11:12.51:381.43:6.84:370.81
2313943895;WAOU1;283;0.00:216.80:0.00:247.84:11.57:340.72:11.57:429.82
2313943955;WAOU1;284;0.00:249.84:0.00:229.43:10.62:297.17:18.41:298.11
2313944015;WAOU1;285;0.00:238.16:0.00:221.64:18.41:339.77:16.40:436.66
2313944075;WAOU1;286;0.00:287.49:0.94:309.80:11.57:271.09:7.79:369.87
2313944135;WAOU1;287;0.00:281.71:0.00:263.30:17.47:323.37:9.68:280.76
2313944194;WAOU1;288;0.00:300.12:0.00:184.93:12.51:364.91:7.79:360.19
2313944254;WAOU1;289;0.00:274.86:0.00:298.11:7.79:422.15:12.51:395.95
2313944314;WAOU1;290;0.00:273.92:0.00:282.65:8.73:313.69:23.25:288.55
2313944374;WAOU1;291;0.00:273.92:0.00:272.97:21.36:234.26:10.62:401.85
2313944434;WAOU1;292;0.00:352.40:0.00:230.37:9.68:322.30:4.84:423.09
2313944493;WAOU1;293;0.00:225.53:0.00:235.21:11.57:374.70:14.52:369.87
2313944553;WAOU1;294;0.00:294.33:0.00:240.99:3.89:319.47:9.68:330.09
2313944613;WAOU1;295;0.00:250.79:0.94:295.28:9.68:398.90:21.36:353.34
2313944673;WAOU1;296;0.00:302.95:0.94:215.85:8.73:316.52:9.68:356.29
2313944733;WAOU1;297;0.00:251.73:0.00:223.64:14.52:330.09:9.68:335.99
2313944792;WAOU1;298;0.00:191.66:0.94:213.85:14.52:358.18:3.89:351.46
2313944852;WAOU1;299;0.00:178.09:0.00:271.09:8.73:318.41:13.57:378.60
2313944912;WAOU1;300;0.00:238.16:0.94:219.75:17.47:281.71:17.47:331.16
2313944972;WAOU1;301;0.00:213.85:0.94:257.51:11.57:362.08:12.51:391.11
2313945032;WAOU1;302;0.00:255.51:0.00:222.70:13.57:397.01:11.57:378.60
2313945091;WAOU1;303;0.00:280.76:0.00:203.34:19.35:291.38:8.73:367.86
2313945151;WAOU1;304;0.00:284.66:0.00:293.39:10.62:321.36:13.57:419.20
2313945211;WAOU1;305;0.00:282.65:0.94:288.55:7.79:273.92:15.46:294.33
2313945271;WAOU1;306;0.00:211.01:0.00:197.44:5.90:286.55:10.62:285.60
2313945331;WAOU1;307;0.00:289.50:0.00:196.50:7.79:262.35:6.84:369.87
2313945390;WAOU1;308;0.00:304.96:0.00:235.21:18.41:455.07:6.84:378.60
2313945450;WAOU1;309;0.00:271.09:0.00:227.54:14.52:264.24:6.84:430.76
2313945510;WAOU1;310;0.00:302.01:0.00:227.54:10.62:264.24:5.90:356.29
2313945570;WAOU1;311;0.00:333.99:0.94:253.62:8.73:373.76:12.51:328.21
2313945630;WAOU1;312;0.00:264.24:0.00:323.37:6.84:252.67:8.73:349.45
2313945689;WAOU1;313;0.00:216.80:0.00:231.31:15.46:407.51:3.89:411.41
2313945749;WAOU1;314;0.00:306.84:0.00:194.49:14.52:339.77:12.51:529.66
2313945809;WAOU1;315;0.00:221.64:0.00:183.99:2.95:394.06:8.73:343.67
2313945869;WAOU1;316;0.00:237.10:0.00:255.51:7.79:354.41:13.57:366.92
2313945929;WAOU1;317;0.00:299.06:0.00:205.23:9.68:292.45:11.57:394.06
2313945988;WAOU1;318;0.00:301.06:0.00:163.57:7.79:354.41:6.84:368.80
2313946048;WAOU1;319;0.00:244.89:0.00:256.45:11.57:341.66:15.46:446.34
2313946108;WAOU1;320;0.00:232.26:0.00:216.80:15.46:352.40:11.57:354.41
2313946168;WAOU1;321;0.00:288.55:0.00:231.31:16.40:323.37:7.79:316.52
2313946228;WAOU1;322;0.00:308.85:0.00:266.25:20.30:304.96:10.62:368.80
2313946287;WAOU1;323;0.00:265.30:0.00:202.28:19.35:242.05:10.62:325.26
2313946347;WAOU1;324;0.00:278.76:0.00:256.45:21.36:329.15:13.57:270.14
2313946407;WAOU1;325;0.00:198.39:0.00:265.30:7.79:349.45:19.35:323.37
2313946467;WAOU1;326;0.00:304.01:0.00:228.48:7.79:304.01:8.73:378.60
2313946527;WAOU1;327;0.00:244.89:0.94:266.25:18.41:310.74:9.68:297.17
2313946586;WAOU1;328;0.00:297.17:0.00:215.85:14.52:330.09:14.52:378.60
2313946646;WAOU1;329;0.00:284.66:0.00:207.24:3.89:287.49:12.51:434.66
2313946706;WAOU1;330;0.00:253.62:0.00:239.10:4.84:311.80:13.57:316.52
2313946766;WAOU1;331;0.00:187.88:0.00:227.54:21.36:244.89:6.84:315.58
2313946826;WAOU1;332;0.00:232.26:0.00:213.85:5.90:358.18:7.79:329.15
2313946885;WAOU1;333;0.00:295.28:0.00:278.76:8.73:287.49:14.52:449.29
2313946945;WAOU1;334;0.00:255.51:0.94:245.95:10.62:364.91:16.40:279.70
2313947005;WAOU1;335;0.00:223.64:0.00:247.84:7.79:280.76:8.73:359.24
2313947065;WAOU1;336;0.00:321.36:0.00:157.79:9.68:304.96:8.73:441.50
2313947125;WAOU1;337;0.00:286.55:0.00:287.49:12.51:338.83:6.84:426.04
2313947184;WAOU1;338;0.00:259.40:0.00:198.39:10.62:377.66:15.46:283.60
2313947244;WAOU1;339;0.00:229.43:0.00:256.45:14.52:336.94:12.51:402.79
2313947304;WAOU1;340;0.00:287.49:0.00:240.99:10.62:406.57:12.51:335.99
2313947364;WAOU1;341;0.00:289.50:0.00:211.96:7.79:339.77:13.57:333.04
2313947424;WAOU1;342;0.00:225.53:0.94:239.10:17.47:265.30:8.73:422.15
2313947483;WAOU1;343;0.00:276.87:0.00:227.54:19.35:392.05:4.84:318.41
2313947543;WAOU1;344;0.00:281.71:0.00:211.96:14.52:309.80:8.73:375.65
2313947603;WAOU1;345;0.00:267.19:0.94:166.52:11.57:302.01:17.47:405.63
2313947663;WAOU1;346;0.00:240.99:0.00:249.84:11.57:392.05:5.90:408.58
2313947723;WAOU1;347;0.00:288.55:0.00:204.29:8.73:381.43:15.46:373.76
2313947782;WAOU1;348;0.00:310.74:0.00:220.69:14.52:389.22:10.62:289.50
2313947842;WAOU1;349;0.00:291.38:0.00:255.51:9.68:349.45:12.51:374.70
2313947902;WAOU1;350;0.00:282.65:0.00:253.62:11.57:338.83:12.51:304.96
2313947962;WAOU1;351;0.00:260.35:0.00:228.48:19.35:306.84:7.79:329.15
2313948022;WAOU1;352;0.00:276.87:0.94:198.39:20.30:268.14:11.57:376.59
2313948081;WAOU1;353;0.00:329.15:0.00:243.94:8.73:266.25:6.84:361.13
2313948141;WAOU1;354;0.00:223.64:0.00:233.20:3.89:444.45:12.51:386.27
2313948201;WAOU1;355;0.00:300.12:0.00:272.03:3.89:373.76:6.84:337.88
2313948261;WAOU1;356;0.00:232.26:0.00:227.54:16.40:291.38:20.30:332.10
2313948321;WAOU1;357;0.00:242.05:0.00:243.00:7.79:276.87:9.68:331.16
2313948380;WAOU1;358;0.00:242.05:0.00:215.85:11.57:277.81:16.40:385.33
2313948440;WAOU1;359;0.00:244.89:0.00:245.95:2.95:385.33:6.84:412.47
2313948500;WAOU1;360;0.00:246.89:0.00:243.94:11.57:300.12:5.90:313.69
2313948560;WAOU1;361;0.00:242.05:0.94:179.03:8.73:363.97:6.84:298.11
2313948620;WAOU1;362;0.00:322.30:0.00:259.40:14.52:388.16:2.01:371.75
2313948679;WAOU1;363;0.00:222.70:0.00:203.34:18.41:270.14:9.68:322.30
2313941504;WAOU1;364;0.00:392.05:0.94:265.30:19.35:288.55:6.84:410.46
2313941563;WAOU1;365;0.00:282.65:0.00:208.18:9.68:257.51:5.90:493.78
2313941623;WAOU1;366;0.00:249.84:2.01:211.01:6.84:323.37:5.90:372.70
2313941683;WAOU1;367;0.00:242.05:0.00:259.40:8.73:317.47:13.57:414.36
2313941743;WAOU1;368;0.00:287.49:0.00:207.24:20.30:348.50:14.52:339.77
2313941802;WAOU1;369;0.00:294.33:0.94:249.84:9.68:425.10:7.79:211.01
2313941862;WAOU1;370;0.00:232.26:0.00:313.69:17.47:309.80:9.68:360.19
2313941922;WAOU1;371;0.00:270.14:0.00:171.24:9.68:354.41:15.46:304.96
2313941982;WAOU1;372;0.00:280.76:0.94:263.30:13.57:304.01:2.01:277.81
2313942042;WAOU1;373;0.00:305.90:0.00:218.80:17.47:379.54:6.84:354.41
2313942101;WAOU1;374;0.00:288.55:0.00:236.15:4.84:247.84:15.46:367.86
2313942161;WAOU1;375;0.00:306.84:2.01:269.20:3.89:236.15:12.51:412.47
2313942221;WAOU1;376;0.00:250.79:0.00:277.81:7.79:402.79:7.79:451.18
2313942281;WAOU1;377;0.00:291.38:0.94:217.74:12.51:346.62:7.79:424.15
2313942341;WAOU1;378;0.00:238.16:0.00:242.05:13.57:332.10:9.68:377.66
2313942400;WAOU1;379;0.00:174.19:0.00:253.62:6.84:331.16:10.62:304.01
2313942460;WAOU1;380;0.00:203.34:0.00:182.93:2.95:345.55:14.52:314.63
2313942520;WAOU1;381;0.00:278.76:0.00:198.39:10.62:304.01:7.79:368.80
2313942580;WAOU1;382;0.00:268.14:0.00:293.39:7.79:287.49:15.46:400.90
2313942640;WAOU1;383;0.00:278.76:0.00:224.59:7.79:340.72:10.62:394.06
2313942699;WAOU1;384;0.00:187.88:0.00:183.99:12.51:229.43:12.51:403.74
2313942759;WAOU1;385;0.00:214.91:0.00:212.90:20.30:341.66:13.57:495.79
2313942819;WAOU1;386;0.00:228.48:0.00:198.39:6.84:403.74:10.62:287.49
2313942879;WAOU1;387;0.00:400.90:0.00:286.55:15.46:388.16:9.68:445.40
2313942939;WAOU1;388;0.00:327.26:0.00:256.45:10.62:465.70:7.79:426.99
2313942998;WAOU1;389;0.00:305.90:0.00:264.24:11.57:377.66:17.47:353.34
2313943058;WAOU1;390;0.00:276.87:0.00:223.64:8.73:335.05:9.68:322.30
2313943118;WAOU1;391;0.00:288.55:0.00:211.01:8.73:310.74:11.57:287.49
2313943178;WAOU1;392;0.00:244.89:0.00:197.44:8.73:353.34:5.90:373.76
2313943238;WAOU1;393;0.00:308.85:0.00:318.41:8.73:472.54:13.57:320.42
2313943297;WAOU1;394;0.00:265.30:0.00:229.43:22.31:327.26:10.62:400.90
2313943357;WAOU1;395;0.00:284.66:0.00:210.07:11.57:281.71:9.68:359.24
2313943417;WAOU1;396;0.00:220.69:0.00:191.66:9.68:325.26:14.52:450.24
2313943477;WAOU1;397;0.00:231.31:0.94:185.88:11.57:427.93:7.79:273.92
2313943537;WAOU1;398;0.00:290.44:0.00:293.39:12.51:304.01:16.40:384.26
2313943596;WAOU1;399;0.00:248.78:0.00:265.30:14.52:304.96:14.52:376.59
2313943656;WAOU1;400;0.00:270.14:0.00:196.50:11.57:371.75:13.57:363.02
2313943716;WAOU1;401;0.00:236.15:0.00:199.45:5.90:393.12:11.57:384.26
2313943776;WAOU1;402;0.00:288.55:0.00:233.20:9.68:392.05:10.62:355.35
2313943836;WAOU1;403;0.00:283.60:0.00:223.64:11.57:361.13:9.68:395.95
2313943895;WAOU1;404;0.00:252.67:0.00:252.67:10.62:454.01:18.41:426.99
2313943955;WAOU1;405;0.00:295.28:0.00:256.45:12.51:320.42:8.73:453.07
2313944015;WAOU1;406;0.00:279.70:0.00:216.80:10.62:314.63:8.73:407.51
2313944075;WAOU1;407;0.00:273.92:0.00:255.51:17.47:364.91:15.46:288.55
2313944135;WAOU1;408;0.00:288.55:0.00:275.81:7.79:410.46:9.68:321.36
2313944194;WAOU1;409;0.00:365.97:0.00:240.05:5.90:392.05:13.57:392.05
2313944254;WAOU1;410;0.00:272.03:0.00:214.91:8.73:340.72:7.79:297.17
2313944314;WAOU1;411;0.00:233.20:0.00:217.74:5.90:321.36:7.79:432.77
2313944374;WAOU1;412;0.00:245.95:0.00:279.70:4.84:317.47:9.68:240.99
2313944434;WAOU1;413;0.00:248.78:0.00:266.25:6.84:328.21:12.51:332.10
2313944493;WAOU1;414;0.00:203.34:0.00:188.83:7.79:272.03:9.68:419.20
2313944553;WAOU1;415;0.00:264.24:0.00:227.54:11.57:320.42:4.84:302.01
2313944613;WAOU1;416;0.00:276.87:0.00:272.97:13.57:318.41:15.46:375.65
2313944673;WAOU1;417;0.00:285.60:0.00:225.53:4.84:260.35:10.62:371.75
2313944733;WAOU1;418;0.00:337.88:0.00:219.75:9.68:383.32:9.68:362.08
2313944792;WAOU1;419;0.00:282.65:0.00:213.85:8.73:286.55:13.57:431.82
2313944852;WAOU1;420;0.00:296.22:0.00:251.73:8.73:281.71:14.52:461.80
2313944912;WAOU1;421;0.00:239.10:0.94:214.91:10.62:326.20:17.47:337.88
2313944972;WAOU1;422;0.00:221.64:0.00:238.16:9.68:358.18:10.62:355.35
2313945032;WAOU1;423;0.00:274.86:0.00:356.29:11.57:288.55:4.84:378.60
2313945091;WAOU1;424;0.00:255.51:0.00:207.24:20.30:355.35:5.90:347.56
2313945151;WAOU1;425;0.00:259.40:0.00:231.31:5.90:256.45:6.84:339.77
2313945211;WAOU1;426;0.00:292.45:0.00:246.89:9.68:344.61:13.57:505.47
2313945271;WAOU1;427;0.00:273.92:0.00:277.81:11.57:331.16:7.79:385.33
2313945331;WAOU1;428;0.00:260.35:0.00:154.84:12.51:404.68:18.41:342.72
2313945390;WAOU1;429;0.00:257.51:0.00:255.51:17.47:311.80:14.52:389.22
2313945450;WAOU1;430;0.00:251.73:0.94:228.48:13.57:437.61:12.51:375.65
2313945510;WAOU1;431;0.00:346.62:0.00:216.80:7.79:432.77:6.84:372.70
2313945570;WAOU1;432;0.00:264.24:0.94:236.15:12.51:343.67:11.57:542.29
2313945630;WAOU1;433;0.00:211.01:0.00:272.97:9.68:223.64:9.68:400.90
2313945689;WAOU1;434;0.00:266.25:0.94:244.89:11.57:319.47:5.90:484.11
2313945749;WAOU1;435;0.00:297.17:0.00:292.45:17.47:389.22:17.47:429.82
2313945809;WAOU1;436;0.00:294.33:0.00:261.41:15.46:378.60:8.73:329.15
2313945869;WAOU1;437;0.00:220.69:0.00:262.35:11.57:388.16:4.84:379.54
2313945929;WAOU1;438;0.00:242.05:0.00:153.89:9.68:306.84:22.31:459.91
2313945988;WAOU1;439;0.00:250.79:0.00:203.34:16.40:393.12:17.47:410.46
2313946048;WAOU1;440;0.00:295.28:0.00:252.67:26.20:242.05:11.57:366.92
2313946108;WAOU1;441;0.00:285.60:0.00:271.09:5.90:300.12:8.73:405.63
2313946168;WAOU1;442;0.00:304.96:0.00:254.56:16.40:385.33:5.90:430.76
2313946228;WAOU1;443;0.00:276.87:0.94:260.35:7.79:299.06:6.84:290.44
2313946287;WAOU1;444;0.00:302.01:0.94:200.39:9.68:253.62:8.73:366.92
2313946347;WAOU1;445;0.00:211.96:0.00:264.24:10.62:275.81:16.40:407.51
2313946407;WAOU1;446;0.00:306.84:0.00:255.51:19.35:352.40:17.47:487.06
2313946467;WAOU1;447;0.00:271.09:0.00:208.18:12.51:324.31:16.40:394.06
2313946527;WAOU1;448;0.00:266.25:0.00:153.89:10.62:317.47:14.52:353.34
2313946586;WAOU1;449;0.00:271.09:0.00:320.42:14.52:320.42:5.90:305.90
2313946646;WAOU1;450;0.00:256.45:0.00:281.71:16.40:284.66:4.84:350.51
2313946706;WAOU1;451;0.00:297.17:0.94:246.89:8.73:327.26:9.68:370.81
2313946766;WAOU1;452;0.00:308.85:0.00:199.45:10.62:364.91:8.73:343.67
2313946826;WAOU1;453;0.00:302.95:0.00:188.83:13.57:259.40:17.47:304.96
2313946885;WAOU1;454;0.00:302.95:0.00:265.30:16.40:305.90:13.57:426.99
2313946945;WAOU1;455;0.00:264.24:0.00:257.51:8.73:294.33:9.68:338.83
2313947005;WAOU1;456;0.00:450.24:0.00:267.19:6.84:326.20:5.90:405.63
2313947065;WAOU1;457;0.00:243.94:0.00:260.35:11.57:285.60:11.57:397.01
2313947125;WAOU1;458;0.00:257.51:0.00:245.95:9.68:437.61:10.62:424.15
2313947184;WAOU1;459;0.00:264.24:0.00:192.60:7.79:275.81:12.51:350.51
2313947244;WAOU1;460;0.00:302.01:0.00:279.70:12.51:332.10:9.68:374.70
2313947304;WAOU1;461;0.00:239.10:0.00:210.07:5.90:271.09:10.62:388.16
2313947364;WAOU1;462;0.00:289.50:0.00:197.44:10.62:353.34:11.57:321.36
2313947424;WAOU1;463;0.00:276.87:0.00:253.62:6.84:385.33:10.62:329.15
2313947483;WAOU1;464;0.00:337.88:0.00:185.88:16.40:309.80:19.35:359.24
2313947543;WAOU1;465;0.00:277.81:0.00:232.26:10.62:358.18:12.51:419.20
2313947603;WAOU1;466;0.00:274.86:0.00:244.89:12.51:315.58:9.68:351.46
2313947663;WAOU1;467;0.00:220.69:0.94:265.30:10.62:372.70:22.31:321.36
2313947723;WAOU1;468;0.00:347.56:0.00:221.64:4.84:345.55:14.52:411.41
2313947782;WAOU1;469;0.00:332.10:0.00:239.10:7.79:295.28:15.46:354.41
2313947842;WAOU1;470;0.00:229.43:0.00:215.85:11.57:323.37:0.94:486.11
2313947902;WAOU1;471;0.00:280.76:0.00:206.18:12.51:383.32:8.73:296.22
2313947962;WAOU1;472;0.00:255.51:0.00:291.38:14.52:426.04:20.30:402.79
2313948022;WAOU1;473;0.00:226.59:0.00:240.99:4.84:297.17:13.57:295.28
2313948081;WAOU1;474;0.00:316.52:0.00:243.94:18.41:490.01:24.19:331.16
2313948141;WAOU1;475;0.00:301.06:0.00:192.60:14.52:479.27:10.62:400.90
2313948201;WAOU1;476;0.00:300.12:0.94:175.14:6.84:378.60:5.90:413.41
2313948261;WAOU1;477;0.00:232.26:0.00:208.18:9.68:260.35:14.52:317.47
2313948321;WAOU1;478;0.00:290.44:0.00:247.84:11.57:280.76:11.57:391.11
2313948380;WAOU1;479;0.00:230.37:0.00:207.24:12.51:237.10:7.79:377.66
2313948440;WAOU1;480;0.00:234.26:0.00:235.21:14.52:307.91:14.52:351.46
2313948500;WAOU1;481;0.00:289.50:0.00:227.54:20.30:400.90:6.84:370.81
2313948560;WAOU1;482;0.00:224.59:0.94:221.64:6.84:298.11:6.84:368.80
2313948620;WAOU1;483;0.00:238.16:0.00:304.01:6.84:333.99:15.46:356.29
2313948679;WAOU1;484;0.00:254.56:0.00:270.14:7.79:287.49:10.62:426.99
2313941504;WAOU1;485;0.00:273.92:0.00:226.59:9.68:280.76:10.62:393.12
2313941563;WAOU1;486;0.00:319.47:0.00:240.05:8.73:347.56:4.84:312.75
2313941623;WAOU1;487;0.00:269.20:0.94:267.19:7.79:335.05:11.57:341.66
2313941683;WAOU1;488;0.00:329.15:0.00:236.15:7.79:469.59:9.68:422.15
2313941743;WAOU1;489;0.00:281.71:0.00:211.01:20.30:328.21:15.46:373.76
2313941802;WAOU1;490;0.00:251.73:0.00:223.64:4.84:361.13:7.79:376.59
2313941862;WAOU1;491;0.00:252.67:0.00:251.73:6.84:308.85:8.73:269.20
2313941922;WAOU1;492;0.00:294.33:0.00:227.54:7.79:347.56:19.35:309.80
2313941982;WAOU1;493;0.00:306.84:0.00:202.28:9.68:371.75:13.57:315.58
2313942042;WAOU1;494;0.00:288.55:0.00:213.85:10.62:474.43:14.52:402.79
2313942101;WAOU1;495;0.00:285.60:0.00:230.37:8.73:277.81:6.84:328.21
2313942161;WAOU1;496;0.94:279.70:0.00:263.30:13.57:359.24:19.35:323.37
2313942221;WAOU1;497;0.00:256.45:0.00:252.67:8.73:279.70:6.84:436.66
2313942281;WAOU1;498;0.00:181.04:0.94:260.35:8.73:395.95:7.79:368.80
2313942341;WAOU1;499;0.00:206.18:0.00:275.81:7.79:248.78:14.52:421.20
2313942400;WAOU1;500;0.00:313.69:0.00:240.99:10.62:383.32:15.46:255.51
2313942460;WAOU1;501;0.00:224.59:0.00:255.51:12.51:352.40:11.57:357.24
2313942520;WAOU1;502;0.00:255.51:0.00:269.20:23.25:309.80:12.51:358.18
2313942580;WAOU1;503;0.00:306.84:0.94:216.80:3.89:368.80:9.68:476.32
2313942640;WAOU1;504;0.00:308.85:0.00:207.24:8.73:335.05:15.46:419.20
2313942699;WAOU1;505;0.00:282.65:0.00:178.09:13.57:260.35:16.40:444.45
2313942759;WAOU1;506;0.00:240.99:0.94:220.69:13.57:341.66:11.57:347.56
2313942819;WAOU1;507;0.00:325.26:0.00:229.43:11.57:372.70:9.68:355.35
2313942879;WAOU1;508;0.00:260.35:0.94:169.35:9.68:299.06:5.90:376.59
2313942939;WAOU1;509;0.00:238.16:0.94:296.22:10.62:218.80:7.79:393.12
2313942998;WAOU1;510;0.00:279.70:0.00:320.42:17.47:322.30:13.57:402.79
2313943058;WAOU1;511;0.00:238.16:0.00:251.73:17.47:272.97:5.90:377.66
2313943118;WAOU1;512;0.00:233.20:0.94:232.26:12.51:305.90:6.84:365.97
2313943178;WAOU1;513;0.00:291.38:0.00:223.64:18.41:355.35:8.73:374.70
2313943238;WAOU1;514;0.00:281.71:0.00:276.87:8.73:391.11:14.52:333.99
2313943297;WAOU1;515;0.00:228.48:0.00:244.89:14.52:309.80:19.35:413.41
2313943357;WAOU1;516;0.00:333.04:0.00:188.83:13.57:204.29:16.40:348.50
2313943417;WAOU1;517;0.00:282.65:0.00:201.34:14.52:313.69:9.68:469.59
2313943477;WAOU1;518;0.00:298.11:0.00:234.26:12.51:283.60:8.73:478.32
2313943537;WAOU1;519;0.00:290.44:0.00:245.95:16.40:432.77:8.73:354.41
2313943596;WAOU1;520;0.00:238.16:0.94:267.19:3.89:408.58:14.52:402.79
2313943656;WAOU1;521;0.00:215.85:0.00:240.99:10.62:349.45:16.40:304.01
2313943716;WAOU1;522;0.00:294.33:0.00:244.89:5.90:265.30:13.57:475.37
2313943776;WAOU1;523;0.00:170.30:0.00:218.80:10.62:261.41:15.46:356.29
2313943836;WAOU1;524;0.00:297.17:0.94:280.76:7.79:359.24:9.68:354.41
2313943895;WAOU1;525;0.00:308.85:0.00:259.40:8.73:328.21:11.57:373.76
2313943955;WAOU1;526;0.00:288.55:0.00:305.90:18.41:285.60:7.79:391.11
2313944015;WAOU1;527;0.00:289.50:0.94:278.76:11.57:374.70:9.68:357.24
2313944075;WAOU1;528;0.00:326.20:0.00:223.64:5.90:309.80:19.35:302.01
2313944135;WAOU1;529;0.00:272.97:0.00:245.95:6.84:376.59:9.68:549.02
2313944194;WAOU1;530;0.00:233.20:0.00:278.76:2.95:272.03:4.84:338.83
2313944254;WAOU1;531;0.00:275.81:0.00:308.85:12.51:350.51:11.57:395.95
2313944314;WAOU1;532;0.00:235.21:0.00:226.59:12.51:377.66:10.62:327.26
2313944374;WAOU1;533;0.00:246.89:2.01:320.42:9.68:348.50:15.46:399.84
2313944434;WAOU1;534;0.00:235.21:0.00:191.66:13.57:372.70:6.84:400.90
2313944493;WAOU1;535;0.00:336.94:0.00:291.38:2.95:304.96:13.57:407.51
2313944553;WAOU1;536;0.00:227.54:0.00:248.78:16.40:335.05:12.51:348.50
2313944613;WAOU1;537;0.00:285.60:0.00:240.05:10.62:395.00:8.73:374.70
2313944673;WAOU1;538;0.00:240.99:0.94:285.60:19.35:330.09:12.51:393.12
2313944733;WAOU1;539;0.00:258.46:0.00:273.92:3.89:272.97:10.62:417.31
2313944792;WAOU1;540;0.00:276.87:0.00:291.38:16.40:262.35:8.73:349.45
2313944852;WAOU1;541;0.00:214.91:0.00:162.63:18.41:331.16:9.68:376.59
2313944912;WAOU1;542;0.00:278.76:0.00:208.18:7.79:315.58:7.79:362.08
2313944972;WAOU1;543;0.00:268.14:0.94:230.37:5.90:302.95:13.57:375.65
2313945032;WAOU1;544;0.00:299.06:0.94:218.80:6.84:372.70:22.31:398.90
2313945091;WAOU1;545;0.00:228.48:0.94:220.69:14.52:380.49:18.41:345.55
2313945151;WAOU1;546;0.00:356.29:0.94:211.96:18.41:356.29:6.84:327.26
2313945211;WAOU1;547;0.00:234.26:0.00:261.41:10.62:302.95:19.35:388.16
2313945271;WAOU1;548;0.00:242.05:0.00:246.89:10.62:298.11:13.57:333.99
2313945331;WAOU1;549;0.00:260.35:0.00:216.80:6.84:306.84:22.31:338.83
2313945390;WAOU1;550;0.00:242.05:0.00:259.40:20.30:295.28:14.52:363.97
2313945450;WAOU1;551;0.00:263.30:0.00:258.46:11.57:287.49:7.79:295.28
2313945510;WAOU1;552;0.00:231.31:0.00:272.03:19.35:268.14:12.51:350.51
2313945570;WAOU1;553;0.00:231.31:0.00:240.99:9.68:275.81:13.57:350.51
2313945630;WAOU1;554;0.00:257.51:0.00:271.09:22.31:371.75:19.35:340.72
2313945689;WAOU1;555;0.00:304.96:0.00:273.92:16.40:309.80:5.90:370.81
2313945749;WAOU1;556;0.00:223.64:0.00:268.14:10.62:301.06:16.40:461.80
2313945809;WAOU1;557;0.00:216.80:0.00:243.94:3.89:384.26:12.51:369.87
2313945869;WAOU1;558;0.00:279.70:0.00:227.54:11.57:321.36:2.95:361.13
2313945929;WAOU1;559;0.00:270.14:0.00:199.45:17.47:340.72:14.52:391.11
2313945988;WAOU1;560;0.00:388.16:0.00:243.94:2.95:321.36:16.40:421.20
2313946048;WAOU1;561;0.00:280.76:0.00:229.43:10.62:284.66:14.52:315.58
2313946108;WAOU1;562;0.00:245.95:0.00:326.20:16.40:405.63:10.62:450.24
2313946168;WAOU1;563;0.00:276.87:0.00:235.21:21.36:407.51:16.40:391.11
2313946228;WAOU1;564;0.00:254.56:0.00:300.12:25.26:351.46:6.84:460.86
2313946287;WAOU1;565;0.00:360.19:0.00:246.89:13.57:300.12:12.51:519.98
2313946347;WAOU1;566;0.00:248.78:0.94:288.55:6.84:331.16:8.73:352.40
2313946407;WAOU1;567;0.00:280.76:0.00:183.99:7.79:270.14:16.40:379.54
2313946467;WAOU1;568;0.00:302.95:0.00:254.56:11.57:299.06:5.90:394.06
2313946527;WAOU1;569;0.00:340.72:0.94:163.57:10.62:517.98:11.57:328.21
2313946586;WAOU1;570;0.00:286.55:0.94:236.15:7.79:342.72:18.41:325.26
2313946646;WAOU1;571;0.00:243.94:0.00:270.14:15.46:391.11:6.84:325.26
2313946706;WAOU1;572;0.00:258.46:0.00:187.88:12.51:356.29:16.40:459.91
2313946766;WAOU1;573;0.00:321.36:0.00:253.62:11.57:345.55:12.51:376.59
2313946826;WAOU1;574;0.00:257.51:0.00:283.60:6.84:327.26:10.62:407.51
2313946885;WAOU1;575;0.00:291.38:0.00:209.13:9.68:361.13:18.41:328.21
2313946945;WAOU1;576;0.00:295.28:0.00:224.59:8.73:301.06:20.30:428.87
2313947005;WAOU1;577;0.00:317.47:0.00:245.95:11.57:335.05:11.57:359.24
2313947065;WAOU1;578;0.00:302.01:0.94:261.41:8.73:282.65:7.79:284.66
2313947125;WAOU1;579;0.00:307.91:0.00:257.51:13.57:346.62:6.84:430.76
2313947184;WAOU1;580;0.00:225.53:0.00:229.43:9.68:297.17:14.52:377.66
2313947244;WAOU1;581;0.00:322.30:0.00:252.67:6.84:310.74:20.30:314.63
2313947304;WAOU1;582;0.00:255.51:0.00:277.81:13.57:263.30:20.30:409.52
2313947364;WAOU1;583;0.00:266.25:0.00:220.69:5.90:284.66:9.68:349.45
2313947424;WAOU1;584;0.00:272.03:0.00:242.05:10.62:370.81:15.46:381.43
2313947483;WAOU1;585;0.00:302.95:0.00:229.43:11.57:360.19:13.57:333.04
2313947543;WAOU1;586;0.00:254.56:0.00:214.91:13.57:366.92:16.40:382.38
2313947603;WAOU1;587;0.00:232.26:0.94:245.95:7.79:281.71:10.62:392.05
2313947663;WAOU1;588;0.00:282.65:0.00:233.20:4.84:349.45:7.79:353.34
2313947723;WAOU1;589;0.00:256.45:0.00:201.34:8.73:274.86:12.51:408.58
2313947782;WAOU1;590;0.00:283.60:0.00:240.99:16.40:408.58:10.62:372.70
2313947842;WAOU1;591;0.00:279.70:0.00:262.35:18.41:316.52:5.90:373.76
2313947902;WAOU1;592;0.00:247.84:0.00:194.49:11.57:339.77:10.62:357.24
2313947962;WAOU1;593;0.00:304.96:0.00:265.30:8.73:366.92:10.62:425.10
2313948022;WAOU1;594;0.00:277.81:0.00:325.26:15.46:315.58:13.57:341.66
2313948081;WAOU1;595;0.00:335.05:0.00:260.35:4.84:372.70:12.51:339.77
2313948141;WAOU1;596;0.00:260.35:0.00:221.64:15.46:313.69:8.73:365.97
2313948201;WAOU1;597;0.00:307.91:0.00:223.64:7.79:312.75:10.62:357.24
2313948261;WAOU1;598;0.00:240.99:0.00:169.35:4.84:362.08:11.57:371.75
2313948321;WAOU1;599;0.00:312.75:0.00:220.69:13.57:287.49:5.90:400.90
2313948380;WAOU1;600;0.00:246.89:0.00:272.97:14.52:357.24:8.73:351.46
2313948440;WAOU1;601;0.00:249.84:0.00:243.00:10.62:329.15:9.68:378.60
2313948500;WAOU1;602;0.00:291.38:0.00:221.64:2.95:317.47:21.36:427.93
2313948560;WAOU1;603;0.00:293.39:0.00:226.59:7.79:258.46:10.62:442.45
2313948620;WAOU1;604;0.00:311.80:0.00:189.77:19.35:288.55:7.79:368.80
2313948679;WAOU1;605;0.00:276.87:0.00:236.15:8.73:317.47:13.57:409.52
2313941504;WAOU1;606;0.00:279.70:0.00:258.46:8.73:376.59:13.57:336.94
2313941563;WAOU1;607;0.00:245.95:0.00:172.31:13.57:356.29:10.62:487.06
2313941623;WAOU1;608;0.00:242.05:0.00:185.88:9.68:457.91:8.73:397.01
2313941683;WAOU1;609;0.00:268.14:0.00:196.50:12.51:302.01:11.57:351.46
2313941743;WAOU1;610;0.00:257.51:0.00:195.55:7.79:344.61:9.68:361.13
2313941802;WAOU1;611;0.00:244.89:0.00:232.26:9.68:314.63:6.84:408.58
2313941862;WAOU1;612;0.00:321.36:0.00:278.76:9.68:342.72:5.90:312.75
2313941922;WAOU1;613;0.00:337.88:0.00:222.70:5.90:332.10:11.57:403.74
2313941982;WAOU1;614;0.00:295.28:0.00:294.33:16.40:356.29:6.84:437.61
2313942042;WAOU1;615;0.00:235.21:0.00:223.64:18.41:337.88:15.46:354.41
2313942101;WAOU1;616;0.00:251.73:0.00:250.79:10.62:275.81:15.46:335.05
2313942161;WAOU1;617;0.00:299.06:0.00:242.05:4.84:294.33:14.52:395.00
2313942221;WAOU1;618;0.00:250.79:0.00:196.50:14.52:333.04:11.57:362.08
2313942281;WAOU1;619;0.00:291.38:0.00:266.25:13.57:408.58:11.57:368.80
2313942341;WAOU1;620;0.00:301.06:0.00:190.72:15.46:304.01:8.73:377.66
2313942400;WAOU1;621;0.00:198.39:0.00:231.31:6.84:352.40:4.84:348.50
2313942460;WAOU1;622;0.00:289.50:2.01:218.80:11.57:342.72:13.57:297.17
2313942520;WAOU1;623;0.00:283.60:0.00:256.45:13.57:233.20:11.57:306.84
2313942580;WAOU1;624;0.00:244.89:0.94:290.44:9.68:270.14:8.73:355.35
2313942640;WAOU1;625;0.00:299.06:0.00:222.70:13.57:336.94:7.79:381.43
2313942699;WAOU1;626;0.00:339.77:0.94:211.96:8.73:363.97:17.47:304.01
2313942759;WAOU1;627;0.00:277.81:0.00:192.60:11.57:327.26:13.57:452.12
2313942819;WAOU1;628;0.00:325.26:0.00:231.31:16.40:323.37:9.68:415.30
2313942879;WAOU1;629;0.00:308.85:0.00:267.19:15.46:370.81:8.73:412.47
2313942939;WAOU1;630;0.00:293.39:0.00:199.45:18.41:350.51:4.84:402.79
2313942998;WAOU1;631;0.00:281.71:0.94:312.75:4.84:279.70:13.57:326.20
2313943058;WAOU1;632;0.00:273.92:0.00:236.15:2.95:287.49:14.52:345.55
2313943118;WAOU1;633;0.00:302.95:0.00:264.24:10.62:322.30:15.46:333.99
2313943178;WAOU1;634;0.00:199.45:0.00:290.44:3.89:244.89:6.84:328.21
2313943238;WAOU1;635;0.00:232.26:0.00:249.84:14.52:363.97:20.30:277.81
2313943297;WAOU1;636;0.00:295.28:0.00:222.70:10.62:211.01:4.84:470.53
2313943357;WAOU1;637;0.00:207.24:0.00:236.15:7.79:329.15:17.47:446.34
2313943417;WAOU1;638;0.00:274.86:0.00:278.76:5.90:245.95:21.36:457.91
2313943477;WAOU1;639;0.00:258.46:0.94:274.86:5.90:358.18:16.40:320.42
2313943537;WAOU1;640;0.00:229.43:0.00:265.30:4.84:305.90:13.57:440.56
2313943596;WAOU1;641;0.00:203.34:2.01:274.86:2.95:325.26:14.52:393.12
2313943656;WAOU1;642;0.00:275.81:0.00:222.70:4.84:353.34:12.51:394.06
2313943716;WAOU1;643;0.00:247.84:0.00:286.55:10.62:427.93:13.57:366.92
2313943776;WAOU1;644;0.00:218.80:0.00:304.96:2.01:257.51:8.73:398.90
2313943836;WAOU1;645;0.00:330.09:0.00:281.71:6.84:325.26:7.79:406.57
2313943895;WAOU1;646;0.00:305.90:0.00:262.35:4.84:310.74:10.62:389.22
2313943955;WAOU1;647;0.00:252.67:0.00:248.78:3.89:321.36:12.51:324.31
2313944015;WAOU1;648;0.00:279.70:0.00:186.82:10.62:272.03:7.79:417.31
2313944075;WAOU1;649;0.00:248.78:0.00:251.73:4.84:288.55:11.57:280.76
2313944135;WAOU1;650;0.00:302.95:0.00:213.85:12.51:410.46:6.84:399.84
2313944194;WAOU1;651;0.00:355.35:0.00:220.69:8.73:278.76:10.62:293.39
2313944254;WAOU1;652;0.00:273.92:0.00:210.07:10.62:324.31:7.79:254.56
2313944314;WAOU1;653;0.00:243.00:0.94:273.92:7.79:376.59:12.51:426.99
2313944374;WAOU1;654;0.00:242.05:0.00:216.80:11.57:317.47:8.73:375.65
2313944434;WAOU1;655;0.00:313.69:0.94:262.35:10.62:294.33:16.40:318.41
2313944493;WAOU1;656;0.00:259.40:0.00:272.97:8.73:333.04:13.57:403.74
2313944553;WAOU1;657;0.00:260.35:0.00:301.06:12.51:276.87:13.57:298.11
2313944613;WAOU1;658;0.00:224.59:0.94:212.90:7.79:352.40:16.40:286.55
2313944673;WAOU1;659;0.00:331.16:0.00:214.91:8.73:322.30:17.47:333.04
2313944733;WAOU1;660;0.00:200.39:0.94:193.55:10.62:270.14:15.46:430.76
2313944792;WAOU1;661;0.00:337.88:0.00:253.62:12.51:302.95:14.52:379.54
2313944852;WAOU1;662;0.00:301.06:0.00:229.43:16.40:332.10:16.40:363.02
2313944912;WAOU1;663;0.00:236.15:0.00:235.21:6.84:273.92:10.62:353.34
2313944972;WAOU1;664;0.00:313.69:0.94:204.29:5.90:367.86:10.62:415.30
2313945032;WAOU1;665;0.00:331.16:0.00:259.40:6.84:265.30:9.68:377.66
2313945091;WAOU1;666;0.00:304.01:0.00:252.67:7.79:460.86:20.30:406.57
2313945151;WAOU1;667;0.00:248.78:0.00:192.60:10.62:332.10:12.51:403.74
2313945211;WAOU1;668;0.00:223.64:0.00:266.25:10.62:335.99:15.46:415.30
2313945271;WAOU1;669;0.00:222.70:0.94:281.71:12.51:360.19:7.79:320.42
2313945331;WAOU1;670;0.00:233.20:0.00:219.75:13.57:293.39:7.79:372.70
2313945390;WAOU1;671;0.00:242.05:0.00:254.56:6.84:313.69:17.47:422.15
2313945450;WAOU1;672;0.00:214.91:0.00:231.31:8.73:368.80:18.41:444.45
2313945510;WAOU1;673;0.00:286.55:0.00:291.38:3.89:305.90:12.51:255.51
2313945570;WAOU1;674;0.00:266.25:0.00:210.07:15.46:323.37:18.41:359.24
2313945630;WAOU1;675;0.00:375.65:0.00:333.04:2.01:304.01:10.62:376.59
2313945689;WAOU1;676;0.00:285.60:0.00:261.41:2.01:363.97:6.84:337.88
2313945749;WAOU1;677;0.00:248.78:0.00:218.80:10.62:371.75:5.90:491.90
2313945809;WAOU1;678;0.00:232.26:0.00:206.18:8.73:308.85:15.46:361.13
2313945869;WAOU1;679;0.00:235.21:0.00:206.18:15.46:272.03:8.73:362.08
2313945929;WAOU1;680;0.00:291.38:0.00:243.94:11.57:304.01:8.73:480.21
2313945988;WAOU1;681;0.00:214.91:0.94:209.13:9.68:384.26:8.73:442.45
2313946048;WAOU1;682;0.00:240.99:0.00:272.97:16.40:377.66:6.84:310.74
2313946108;WAOU1;683;0.00:244.89:0.00:247.84:17.47:324.31:16.40:370.81
2313946168;WAOU1;684;0.00:321.36:0.00:233.20:8.73:347.56:7.79:363.97
2313946228;WAOU1;685;0.00:275.81:0.00:276.87:14.52:335.99:13.57:363.97
2313946287;WAOU1;686;0.00:251.73:0.00:237.10:11.57:295.28:14.52:339.77
2313946347;WAOU1;687;0.00:291.38:0.94:205.23:14.52:293.39:10.62:330.09
2313946407;WAOU1;688;0.00:264.24:0.00:242.05:8.73:312.75:5.90:401.85
2313946467;WAOU1;689;0.00:382.38:0.00:203.34:14.52:327.26:3.89:491.90
2313946527;WAOU1;690;0.00:249.84:0.00:219.75:6.84:314.63:15.46:408.58
2313946586;WAOU1;691;0.00:234.26:0.00:274.86:11.57:397.95:11.57:420.26
2313946646;WAOU1;692;0.00:305.90:0.00:250.79:9.68:397.95:14.52:383.32
2313946706;WAOU1;693;0.00:273.92:0.00:295.28:7.79:340.72:11.57:286.55
2313946766;WAOU1;694;0.00:234.26:0.00:253.62:11.57:323.37:11.57:380.49
2313946826;WAOU1;695;0.00:364.91:0.00:268.14:5.90:341.66:17.47:389.22
2313946885;WAOU1;696;0.00:209.13:0.00:239.10:23.25:292.45:9.68:325.26
2313946945;WAOU1;697;0.00:282.65:0.00:254.56:4.84:384.26:6.84:362.08
2313947005;WAOU1;698;0.00:300.12:0.00:267.19:15.46:322.30:13.57:395.95
2313947065;WAOU1;699;0.00:206.18:0.94:240.99:9.68:333.99:16.40:399.84
2313947125;WAOU1;700;0.00:260.35:0.00:245.95:5.90:342.72:6.84:395.00
2313947184;WAOU1;701;0.00:352.40:0.00:293.39:8.73:335.05:8.73:368.80
2313947244;WAOU1;702;0.00:234.26:0.00:190.72:13.57:302.01:9.68:393.12
2313947304;WAOU1;703;0.00:323.37:0.00:240.05:9.68:395.00:8.73:369.87
2313947364;WAOU1;704;0.00:236.15:0.00:151.89:9.68:327.26:3.89:397.95
2313947424;WAOU1;705;0.00:211.96:0.00:263.30:8.73:348.50:11.57:328.21
2313947483;WAOU1;706;0.00:187.88:0.00:186.82:13.57:386.27:6.84:390.16
2313947543;WAOU1;707;0.00:346.62:0.00:223.64:14.52:311.80:6.84:416.36
2313947603;WAOU1;708;0.00:263.30:0.00:248.78:7.79:304.96:12.51:421.20
2313947663;WAOU1;709;0.00:207.24:0.00:212.90:7.79:397.95:10.62:426.99
2313947723;WAOU1;710;0.00:255.51:0.00:200.39:13.57:358.18:12.51:428.87
2313947782;WAOU1;711;0.00:302.01:0.00:253.62:7.79:288.55:8.73:410.46
2313947842;WAOU1;712;0.00:256.45:0.94:249.84:12.51:330.09:14.52:302.95
2313947902;WAOU1;713;0.00:291.38:0.94:182.93:11.57:364.91:8.73:374.70
2313947962;WAOU1;714;0.00:209.13:0.00:212.90:9.68:240.99:16.40:333.99
2313948022;WAOU1;715;0.00:264.24:0.00:219.75:20.30:411.41:5.90:390.16
2313948081;WAOU1;716;0.00:284.66:0.00:192.60:8.73:327.26:14.52:400.90
2313948141;WAOU1;717;0.00:307.91:0.00:222.70:9.68:321.36:9.68:372.70
2313948201;WAOU1;718;0.00:243.00:0.00:284.66:15.46:319.47:9.68:362.08
2313948261;WAOU1;719;0.00:297.17:0.00:220.69:7.79:304.01:12.51:378.60
2313948321;WAOU1;720;0.00:245.95:0.00:204.29:14.52:367.86:14.52:294.33
2313948380;WAOU1;721;0.00:290.44:0.94:210.07:2.95:292.45:5.90:321.36
2313948440;WAOU1;722;0.00:345.55:0.94:229.43:10.62:389.22:15.46:398.90
2313948500;WAOU1;723;0.00:255.51:0.00:330.09:0.94:388.16:4.84:393.12
2313948560;WAOU1;724;0.00:273.92:0.00:151.89:17.47:363.97:16.40:397.01
2313948620;WAOU1;725;0.00:307.91:0.00:216.80:10.62:287.49:21.36:449.29
2313948679;WAOU1;726;0.00:243.00:0.00:239.10:14.52:300.12:12.51:314.63
2313941504;WAOU1;727;0.00:331.16:0.00:224.59:18.41:283.60:7.79:384.26
2313941563;WAOU1;728;0.00:234.26:0.94:286.55:9.68:355.35:15.46:238.16
2313941623;WAOU1;729;0.00:298.11:0.00:314.63:11.57:345.55:11.57:426.04
2313941683;WAOU1;730;0.00:240.05:0.00:214.91:4.84:359.24:19.35:376.59
2313941743;WAOU1;731;0.00:321.36:0.00:230.37:12.51:354.41:8.73:399.84
2313941802;WAOU1;732;0.00:276.87:0.94:198.39:10.62:327.26:8.73:384.26
2313941862;WAOU1;733;0.00:233.20:0.94:229.43:8.73:307.91:8.73:333.04
2313941922;WAOU1;734;0.00:358.18:0.00:161.68:14.52:368.80:7.79:322.30
2313941982;WAOU1;735;0.00:275.81:0.00:200.39:11.57:306.84:8.73:361.13
2313942042;WAOU1;736;0.00:302.95:0.94:212.90:8.73:322.30:9.68:352.40
2313942101;WAOU1;737;0.00:301.06:0.00:176.20:13.57:397.95:9.68:447.40
2313942161;WAOU1;738;0.00:277.81:0.00:206.18:10.62:354.41:9.68:399.84
2313942221;WAOU1;739;0.00:300.12:0.00:244.89:14.52:362.08:13.57:367.86
2313942281;WAOU1;740;0.00:273.92:0.00:317.47:4.84:331.16:8.73:517.98
2313942341;WAOU1;741;0.00:231.31:0.00:217.74:15.46:294.33:11.57:352.40
2313942400;WAOU1;742;0.00:268.14:0.94:218.80:4.84:289.50:22.31:360.19
2313942460;WAOU1;743;0.00:258.46:0.00:181.98:4.84:343.67:11.57:418.25
2313942520;WAOU1;744;0.00:297.17:0.00:288.55:9.68:444.45:11.57:402.79
2313942580;WAOU1;745;0.00:321.36:0.94:242.05:8.73:317.47:12.51:394.06
2313942640;WAOU1;746;0.00:232.26:0.00:297.17:14.52:395.95:13.57:352.40
2313942699;WAOU1;747;0.00:242.05:0.94:261.41:14.52:383.32:4.84:442.45
2313942759;WAOU1;748;0.00:304.01:0.00:216.80:11.57:410.46:9.68:386.27
2313942819;WAOU1;749;0.00:238.16:0.94:207.24:21.36:320.42:6.84:359.24
2313942879;WAOU1;750;0.00:283.60:0.00:183.99:5.90:306.84:19.35:337.88
2313942939;WAOU1;751;0.00:300.12:0.00:192.60:19.35:391.11:11.57:382.38
2313942998;WAOU1;752;0.00:297.17:0.00:281.71:13.57:296.22:7.79:353.34
2313943058;WAOU1;753;0.00:323.37:0.94:267.19:5.90:302.95:11.57:317.47
2313943118;WAOU1;754;0.00:290.44:0.00:314.63:2.95:357.24:13.57:405.63
2313943178;WAOU1;755;0.00:247.84:0.00:213.85:7.79:418.25:6.84:393.12
2313943238;WAOU1;756;0.00:296.22:0.00:277.81:11.57:330.09:8.73:338.83
2313943297;WAOU1;757;0.00:310.74:0.00:228.48:7.79:370.81:21.36:425.10
2313943357;WAOU1;758;0.00:335.05:0.94:211.01:15.46:281.71:8.73:405.63
2313943417;WAOU1;759;0.00:326.20:0.00:258.46:5.90:324.31:10.62:434.66
2313943477;WAOU1;760;0.00:231.31:0.00:263.30:13.57:376.59:21.36:310.74
2313943537;WAOU1;761;0.00:253.62:0.00:256.45:8.73:377.66:9.68:404.68
2313943596;WAOU1;762;0.00:313.69:0.00:208.18:12.51:270.14:8.73:378.60
2313943656;WAOU1;763;0.00:204.29:0.00:236.15:13.57:353.34:15.46:308.85
2313943716;WAOU1;764;0.00:229.43:0.00:144.22:5.90:279.70:8.73:405.63
2313943776;WAOU1;765;0.00:185.88:0.00:257.51:10.62:356.29:5.90:338.83
2313943836;WAOU1;766;0.00:279.70:0.00:222.70:2.95:427.93:5.90:422.15
2313943895;WAOU1;767;0.00:226.59:0.94:193.55:17.47:484.11:19.35:425.10
2313943955;WAOU1;768;0.00:286.55:0.00:152.95:9.68:359.24:12.51:452.12
2313944015;WAOU1;769;0.00:222.70:0.00:336.94:5.90:273.92:20.30:399.84
2313944075;WAOU1;770;0.00:277.81:0.00:225.53:17.47:335.99:12.51:319.47
2313944135;WAOU1;771;0.00:350.51:2.01:304.96:12.51:337.88:18.41:383.32
2313944194;WAOU1;772;0.00:264.24:0.00:281.71:17.47:348.50:19.35:402.79
2313944254;WAOU1;773;0.00:262.35:0.00:281.71:5.90:352.40:10.62:393.12
2313944314;WAOU1;774;0.00:232.26:0.00:271.09:11.57:353.34:10.62:240.05
2313944374;WAOU1;775;0.00:359.24:0.00:217.74:14.52:322.30:11.57:348.50
2313944434;WAOU1;776;0.00:313.69:0.00:209.13:8.73:359.24:12.51:395.00
2313944493;WAOU1;777;0.00:308.85:0.00:201.34:7.79:320.42:9.68:426.04
2313944553;WAOU1;778;0.00:263.30:0.94:243.94:17.47:407.51:7.79:363.97
2313944613;WAOU1;779;0.00:286.55:0.00:242.05:3.89:244.89:12.51:447.40
2313944673;WAOU1;780;0.00:307.91:0.94:261.41:15.46:311.80:7.79:451.18
2313944733;WAOU1;781;0.00:195.55:0.00:267.19:14.52:326.20:15.46:383.32
2313944792;WAOU1;782;0.00:239.10:0.94:183.99:7.79:335.99:8.73:345.55
2313944852;WAOU1;783;0.00:218.80:0.00:267.19:10.62:373.76:6.84:408.58
2313944912;WAOU1;784;0.00:326.20:0.00:169.35:7.79:384.26:11.57:280.76
2313944972;WAOU1;785;0.00:288.55:0.00:239.10:23.25:299.06:20.30:438.55
2313945032;WAOU1;786;0.00:201.34:0.94:257.51:16.40:350.51:14.52:430.76
2313945091;WAOU1;787;0.00:294.33:0.00:281.71:11.57:394.06:15.46:420.26
2313945151;WAOU1;788;0.00:240.99:0.00:223.64:6.84:287.49:10.62:363.02
2313945211;WAOU1;789;0.00:269.20:0.00:295.28:3.89:261.41:8.73:323.37
2313945271;WAOU1;790;0.00:252.67:0.00:248.78:8.73:493.78:25.26:398.90
2313945331;WAOU1;791;0.00:282.65:0.00:250.79:11.57:338.83:21.36:353.34
2313945390;WAOU1;792;0.00:262.35:0.00:237.10:5.90:332.10:11.57:305.90
2313945450;WAOU1;793;0.00:317.47:0.00:230.37:8.73:367.86:16.40:382.38
2313945510;WAOU1;794;0.00:310.74:0.00:228.48:26.20:332.10:7.79:380.49
2313945570;WAOU1;795;0.00:316.52:0.94:226.59:7.79:295.28:10.62:363.02
2313945630;WAOU1;796;0.00:274.86:0.00:250.79:11.57:290.44:5.90:411.41
2313945689;WAOU1;797;0.00:170.30:0.94:272.97:8.73:243.00:11.57:482.22
2313945749;WAOU1;798;0.00:245.95:0.94:167.47:6.84:285.60:17.47:362.08
2313945809;WAOU1;799;0.00:269.20:0.00:202.28:12.51:442.45:5.90:318.41
2313945869;WAOU1;800;0.00:255.51:0.00:231.31:3.89:323.37:15.46:484.11
2313945929;WAOU1;801;0.00:296.22:0.00:243.00:13.57:352.40:9.68:362.08
2313945988;WAOU1;802;0.00:202.28:0.00:264.24:13.57:365.97:9.68:513.26
2313946048;WAOU1;803;0.00:231.31:0.00:297.17:9.68:304.96:9.68:284.66
2313946108;WAOU1;804;0.00:210.07:0.00:250.79:22.31:287.49:11.57:387.21
2313946168;WAOU1;805;0.00:228.48:0.94:286.55:9.68:269.20:10.62:408.58
2313946228;WAOU1;806;0.00:261.41:0.00:237.10:20.30:356.29:19.35:325.26
2313946287;WAOU1;807;0.00:243.94:0.94:251.73:11.57:394.06:13.57:304.01
2313946347;WAOU1;808;0.00:217.74:0.00:242.05:11.57:245.95:9.68:352.40
2313946407;WAOU1;809;0.00:302.95:0.00:231.31:9.68:352.40:11.57:380.49
2313946467;WAOU1;810;0.00:238.16:0.00:324.31:8.73:343.67:15.46:353.34
2313946527;WAOU1;811;0.00:306.84:0.00:244.89:13.57:282.65:12.51:292.45
2313946586;WAOU1;812;0.00:275.81:0.00:308.85:26.20:364.91:12.51:446.34
2313946646;WAOU1;813;0.00:315.58:0.00:244.89:7.79:360.19:13.57:308.85
2313946706;WAOU1;814;0.00:211.96:0.00:220.69:19.35:382.38:6.84:370.81
2313946766;WAOU1;815;0.00:228.48:0.94:237.10:7.79:373.76:6.84:266.25
2313946826;WAOU1;816;0.00:240.99:0.00:219.75:13.57:338.83:15.46:384.26
2313946885;WAOU1;817;0.00:274.86:0.00:357.24:16.40:275.81:8.73:256.45
2313946945;WAOU1;818;0.00:273.92:0.00:227.54:8.73:349.45:14.52:432.77
2313947005;WAOU1;819;0.00:342.72:0.00:176.20:8.73:313.69:11.57:352.40
2313947065;WAOU1;820;0.00:279.70:0.94:195.55:11.57:331.16:13.57:300.12
2313947125;WAOU1;821;0.00:250.79:0.00:273.92:10.62:426.99:9.68:395.00
2313947184;WAOU1;822;0.00:247.84:0.00:259.40:10.62:415.30:8.73:389.22
2313947244;WAOU1;823;0.00:213.85:0.00:245.95:9.68:304.01:10.62:336.94
2313947304;WAOU1;824;0.00:275.81:2.01:225.53:4.84:339.77:5.90:412.47
2313947364;WAOU1;825;0.00:212.90:0.00:221.64:14.52:349.45:12.51:299.06
2313947424;WAOU1;826;0.00:254.56:0.94:203.34:3.89:397.01:24.19:317.47
2313947483;WAOU1;827;0.00:255.51:0.00:226.59:10.62:275.81:12.51:495.79
2313947543;WAOU1;828;0.00:293.39:0.00:295.28:2.95:340.72:21.36:365.97
2313947603;WAOU1;829;0.00:283.60:0.00:247.84:11.57:388.16:11.57:386.27
2313947663;WAOU1;830;0.00:297.17:0.00:216.80:21.36:297.17:8.73:365.97
2313947723;WAOU1;831;0.00:335.05:0.00:268.14:5.90:279.70:6.84:343.67
2313947782;WAOU1;832;0.00:272.97:0.00:217.74:8.73:304.96:4.84:324.31
2313947842;WAOU1;833;0.00:253.62:0.00:251.73:8.73:399.84:16.40:465.70
2313947902;WAOU1;834;0.00:245.95:0.94:235.21:2.95:331.16:21.36:376.59
2313947962;WAOU1;835;0.00:273.92:0.94:263.30:9.68:338.83:10.62:298.11
2313948022;WAOU1;836;0.00:261.41:0.00:234.26:8.73:282.65:18.41:342.72
2313948081;WAOU1;837;0.00:248.78:0.00:246.89:7.79:351.46:13.57:405.63
2313948141;WAOU1;838;0.00:254.56:0.00:244.89:6.84:289.50:4.84:293.39
2313948201;WAOU1;839;0.00:253.62:0.00:268.14:14.52:348.50:7.79:378.60
2313948261;WAOU1;840;0.00:333.99:0.94:256.45:12.51:291.38:10.62:329.15
2313948321;WAOU1;841;0.00:208.18:0.00:218.80:13.57:301.06:9.68:373.76
2313948380;WAOU1;842;0.00:275.81:0.94:166.52:7.79:333.04:6.84:362.08
2313948440;WAOU1;843;0.00:190.72:0.00:297.17:7.79:301.06:15.46:406.57
2313948500;WAOU1;844;0.00:297.17:0.00:219.75:15.46:327.26:7.79:388.16
2313948560;WAOU1;845;0.00:261.41:0.00:231.31:9.68:402.79:5.90:380.49
2313948620;WAOU1;846;0.00:294.33:0.00:189.77:4.84:423.09:14.52:330.09
2313948679;WAOU1;847;0.00:287.49:0.00:269.20:9.68:388.16:15.46:439.61
2313941504;WAOU1;848;0.00:262.35:0.00:374.70:2.95:335.99:15.46:522.82
2313941563;WAOU1;849;0.00:292.45:0.00:238.16:14.52:320.42:13.57:468.65
2313941623;WAOU1;850;0.00:274.86:0.94:227.54:7.79:317.47:15.46:387.21
2313941683;WAOU1;851;0.00:237.10:0.94:317.47:9.68:335.99:13.57:395.00
2313941743;WAOU1;852;0.00:344.61:0.00:166.52:16.40:270.14:13.57:428.87
2313941802;WAOU1;853;0.00:217.74:0.00:331.16:10.62:323.37:10.62:297.17
2313941862;WAOU1;854;0.00:273.92:0.00:305.90:7.79:337.88:2.95:355.35
2313941922;WAOU1;855;0.00:183.99:0.00:267.19:11.57:263.30:6.84:333.04
2313941982;WAOU1;856;0.00:292.45:0.00:287.49:14.52:250.79:18.41:375.65
2313942042;WAOU1;857;0.00:253.62:0.00:232.26:11.57:370.81:3.89:371.75
2313942101;WAOU1;858;0.00:187.88:0.00:226.59:8.73:333.04:14.52:380.49
2313942161;WAOU1;859;0.00:224.59:0.00:218.80:21.36:368.80:20.30:365.97
2313942221;WAOU1;860;0.00:210.07:0.94:333.99:14.52:361.13:6.84:446.34
2313942281;WAOU1;861;0.00:317.47:0.00:264.24:15.46:242.05:7.79:397.95
2313942341;WAOU1;862;0.00:264.24:0.00:189.77:15.46:367.86:8.73:521.87
2313942400;WAOU1;863;0.00:355.35:0.00:233.20:2.95:253.62:5.90:397.01
2313942460;WAOU1;864;0.00:285.60:0.00:200.39:11.57:415.30:13.57:468.65
2313942520;WAOU1;865;0.00:397.95:0.00:254.56:9.68:350.51:10.62:398.90
2313942580;WAOU1;866;0.00:280.76:0.00:249.84:13.57:336.94:8.73:427.93
2313942640;WAOU1;867;0.00:226.59:0.00:211.01:14.52:324.31:10.62:420.26
2313942699;WAOU1;868;0.00:280.76:2.01:238.16:10.62:403.74:4.84:391.11
2313942759;WAOU1;869;0.00:314.63:0.00:207.24:9.68:387.21:15.46:447.40
2313942819;WAOU1;870;0.00:190.72:0.94:182.93:9.68:330.09:10.62:388.16
2313942879;WAOU1;871;0.00:266.25:0.00:218.80:0.94:357.24:3.89:365.97
2313942939;WAOU1;872;0.00:247.84:0.00:265.30:12.51:289.50:10.62:290.44
2313942998;WAOU1;873;0.00:244.89:0.00:247.84:7.79:363.97:8.73:370.81
2313943058;WAOU1;874;0.00:257.51:0.00:194.49:10.62:265.30:17.47:358.18
2313943118;WAOU1;875;0.00:272.97:0.00:240.99:14.52:429.82:12.51:399.84
2313943178;WAOU1;876;0.00:266.25:0.00:193.55:10.62:278.76:14.52:423.09
2313943238;WAOU1;877;0.00:376.59:0.94:206.18:9.68:359.24:9.68:394.06
2313943297;WAOU1;878;0.00:243.00:0.00:276.87:13.57:362.08:9.68:353.34
2313943357;WAOU1;879;0.00:281.71:0.00:297.17:13.57:333.04:12.51:399.84
2313943417;WAOU1;880;0.00:272.97:0.00:267.19:11.57:360.19:12.51:275.81
2313943477;WAOU1;881;0.00:286.55:0.00:177.14:3.89:300.12:12.51:345.55
2313943537;WAOU1;882;0.00:278.76:0.00:170.30:7.79:332.10:17.47:326.20
2313943596;WAOU1;883;0.00:281.71:0.00:226.59:11.57:274.86:13.57:324.31
2313943656;WAOU1;884;0.00:238.16:0.00:280.76:23.25:287.49:14.52:360.19
2313943716;WAOU1;885;0.00:255.51:0.00:208.18:5.90:450.24:5.90:281.71
2313943776;WAOU1;886;0.00:219.75:0.94:250.79:7.79:421.20:12.51:337.88
2313943836;WAOU1;887;0.00:287.49:0.94:237.10:6.84:346.62:22.31:426.04
2313943895;WAOU1;888;0.00:297.17:0.00:228.48:11.57:312.75:17.47:417.31
2313943955;WAOU1;889;0.00:238.16:0.00:176.20:2.01:262.35:7.79:398.90
2313944015;WAOU1;890;0.00:222.70:0.00:250.79:14.52:305.90:14.52:436.66
2313944075;WAOU1;891;0.00:209.13:0.00:231.31:10.62:330.09:17.47:361.13
2313944135;WAOU1;892;0.00:182.93:0.94:156.84:15.46:335.05:13.57:438.55
2313944194;WAOU1;893;0.00:265.30:0.00:260.35:10.62:287.49:5.90:387.21
2313944254;WAOU1;894;0.00:225.53:0.00:226.59:6.84:442.45:10.62:395.95
2313944314;WAOU1;895;0.00:262.35:0.00:228.48:5.90:404.68:5.90:335.99
2313944374;WAOU1;896;0.00:251.73:0.00:224.59:10.62:252.67:4.84:338.83
2313944434;WAOU1;897;0.00:322.30:0.00:214.91:12.51:369.87:11.57:317.47
2313944493;WAOU1;898;0.00:280.76:0.00:188.83:8.73:389.22:13.57:325.26
2313944553;WAOU1;899;0.00:262.35:0.00:186.82:12.51:413.41:13.57:437.61
2313944613;WAOU1;900;0.94:232.26:0.94:226.59:10.62:380.49:9.68:384.26
2313944673;WAOU1;901;0.00:268.14:0.00:293.39:10.62:327.26:14.52:331.16
2313944733;WAOU1;902;0.00:269.20:0.00:244.89:19.35:326.20:13.57:349.45
2313944792;WAOU1;903;0.00:329.15:0.94:246.89:11.57:399.84:18.41:391.11
2313944852;WAOU1;904;0.00:227.54:0.94:170.30:14.52:327.26:5.90:356.29
2313944912;WAOU1;905;0.00:219.75:0.00:295.28:12.51:348.50:7.79:454.01
2313944972;WAOU1;906;0.00:190.72:0.00:280.76:16.40:279.70:14.52:519.04
2313945032;WAOU1;907;0.00:276.87:0.00:242.05:7.79:415.30:15.46:337.88
2313945091;WAOU1;908;0.00:259.40:0.00:201.34:20.30:302.95:20.30:405.63
2313945151;WAOU1;909;0.00:319.47:0.94:233.20:4.84:329.15:2.95:355.35
2313945211;WAOU1;910;0.00:335.99:0.00:223.64:9.68:285.60:13.57:478.32
2313945271;WAOU1;911;0.00:244.89:0.00:210.07:11.57:344.61:18.41:437.61
2313945331;WAOU1;912;0.00:292.45:0.94:262.35:11.57:310.74:11.57:411.41
2313945390;WAOU1;913;0.00:281.71:0.00:322.30:9.68:400.90:6.84:341.66
2313945450;WAOU1;914;0.00:188.83:0.00:237.10:9.68:453.07:5.90:377.66
2313945510;WAOU1;915;0.00:288.55:0.00:259.40:2.95:324.31:12.51:391.11
2313945570;WAOU1;916;0.00:275.81:0.94:272.03:15.46:289.50:4.84:314.63
2313945630;WAOU1;917;0.00:194.49:0.00:272.03:8.73:307.91:3.89:458.97
2313945689;WAOU1;918;0.00:283.60:0.00:285.60:7.79:388.16:6.84:502.52
2313945749;WAOU1;919;0.00:227.54:0.00:217.74:4.84:291.38:6.84:367.86
2313945809;WAOU1;920;0.00:196.50:0.00:175.14:9.68:367.86:9.68:409.52
2313945869;WAOU1;921;0.00:295.28:0.00:286.55:12.51:400.90:8.73:365.97
2313945929;WAOU1;922;0.00:216.80:0.00:176.20:6.84:317.47:6.84:340.72
2313945988;WAOU1;923;0.00:207.24:0.00:301.06:17.47:312.75:15.46:333.99
2313946048;WAOU1;924;0.00:313.69:0.00:257.51:11.57:308.85:8.73:377.66
2313946108;WAOU1;925;0.00:272.97:0.94:265.30:20.30:344.61:17.47:420.26
2313946168;WAOU1;926;0.00:261.41:2.01:254.56:7.79:339.77:12.51:404.68
2313946228;WAOU1;927;0.00:209.13:0.00:190.72:10.62:311.80:7.79:606.25
2313946287;WAOU1;928;0.00:290.44:0.00:243.94:15.46:289.50:8.73:370.81
2313946347;WAOU1;929;0.00:224.59:0.94:287.49:4.84:276.87:10.62:443.51
2313946407;WAOU1;930;0.00:265.30:0.00:265.30:7.79:372.70:8.73:401.85
2313946467;WAOU1;931;0.00:324.31:0.94:140.32:7.79:366.92:12.51:340.72
2313946527;WAOU1;932;0.00:244.89:0.00:281.71:4.84:323.37:21.36:447.40
2313946586;WAOU1;933;0.00:293.39:0.00:259.40:11.57:449.29:9.68:377.66
2313946646;WAOU1;934;0.00:237.10:0.00:231.31:9.68:371.75:17.47:342.72
2313946706;WAOU1;935;0.00:299.06:0.00:257.51:14.52:339.77:13.57:372.70
2313946766;WAOU1;936;0.00:265.30:0.94:196.50:4.84:343.67:16.40:399.84
2313946826;WAOU1;937;0.00:293.39:0.00:199.45:7.79:201.34:8.73:355.35
2313946885;WAOU1;938;0.00:289.50:0.00:205.23:8.73:404.68:13.57:380.49
2313946945;WAOU1;939;0.00:300.12:0.94:273.92:5.90:333.04:12.51:310.74
2313947005;WAOU1;940;0.00:279.70:0.94:198.39:19.35:316.52:11.57:330.09
2313947065;WAOU1;941;0.00:280.76:0.00:199.45:10.62:348.50:14.52:272.97
2313947125;WAOU1;942;0.00:291.38:0.00:201.34:10.62:323.37:14.52:310.74
2313947184;WAOU1;943;0.00:271.09:2.95:207.24:7.79:304.96:14.52:311.80
2313947244;WAOU1;944;0.00:218.80:0.00:229.43:17.47:344.61:14.52:393.12
2313947304;WAOU1;945;0.00:216.80:0.00:216.80:2.95:363.02:6.84:436.66
2313947364;WAOU1;946;0.00:195.55:0.00:202.28:4.84:296.22:12.51:381.43
2313947424;WAOU1;947;0.00:265.30:0.00:266.25:2.01:320.42:17.47:302.01
2313947483;WAOU1;948;0.00:211.01:0.94:210.07:17.47:397.95:4.84:346.62
2313947543;WAOU1;949;0.00:237.10:0.00:230.37:10.62:341.66:16.40:424.15
2313947603;WAOU1;950;0.00:335.05:0.00:233.20:6.84:234.26:16.40:377.66
2313947663;WAOU1;951;0.00:297.17:0.00:286.55:9.68:368.80:8.73:412.47
2313947723;WAOU1;952;0.00:307.91:0.00:281.71:15.46:361.13:8.73:428.87
2313947783;WAOU1;953;0.00:263.30:0.00:214.91:16.40:363.97:13.57:348.50
2313947842;WAOU1;954;0.00:282.65:0.00:194.49:6.84:444.45:10.62:578.05
2313947902;WAOU1;955;0.00:291.38:0.94:252.67:11.57:314.63:11.57:324.31
2313947962;WAOU1;956;0.00:256.45:0.00:201.34:8.73:363.02:4.84:374.70
2313948022;WAOU1;957;0.00:268.14:0.00:264.24:2.95:320.42:14.52:507.36
2313948082;WAOU1;958;0.00:347.56:0.00:264.24:4.84:365.97:18.41:404.68
2313948141;WAOU1;959;0.00:339.77:0.00:287.49:3.89:386.27:12.51:406.57
2313948201;WAOU1;960;0.00:274.86:0.00:247.84:7.79:272.97:4.84:493.78
2313948261;WAOU1;961;0.00:304.96:0.00:276.87:10.62:395.00:19.35:377.66
2313948321;WAOU1;962;0.00:305.90:0.00:211.01:10.62:318.41:20.30:373.76
2313948381;WAOU1;963;0.00:344.61:0.00:199.45:12.51:299.06:15.46:386.27
2313948440;WAOU1;964;0.00:267.19:0.00:345.55:14.52:335.99:24.19:388.16
2313948500;WAOU1;965;0.00:311.80:0.00:321.36:14.52:347.56:7.79:418.25
2313948560;WAOU1;966;0.00:284.66:0.00:333.04:3.89:372.70:13.57:311.80
2313941504;WAOU1;1;27.14:61.01:23.25:51.22:33.87:61.01:38.71:55.11
2313941563;WAOU1;2;57.12:61.96:61.96:54.17:55.11:64.91:64.91:69.63
2313941623;WAOU1;3;60.07:61.96:61.01:57.12:53.23:1078.21:54.17:253.62
