temps_ms,valeur
1507,829269.87
1471,97085056.00
2695,102200048.00
3918,102200048.00
5142,97085040.00
6366,91970032.00
7589,84297536.00
8812,97085056.00
10036,102200048.00
11259,99642544.00
1473,87423376.00
2696,65762088.00
3919,73442352.00
5143,83814456.00
6367,70479296.00
7590,90691304.00
8813,65577384.00
10037,85064792.00
11260,78800328.00
12484,75405336.00
13708,85235288.00
14930,56621580.00
16154,78890240.00
17378,79061128.00
18601,72088720.00
19825,89681752.00
21048,59818636.00
22275,90350304.00
23498,68014800.00
24722,84723792.00
25946,69370344.00
27168,72813120.00
28392,97815760.00
29616,69157736.00
30839,83920016.00
32062,81017472.00
33286,66667188.00
34509,99642560.00
35733,74319408.00
36957,84321904.00
38179,85448400.00
39403,59709336.00
40627,83962624.00
41850,78770488.00
43073,63514816.00
44297,80631784.00
45520,69683600.00
46744,61602932.00
47968,90569512.00
49190,66736052.00
50414,80217728.00
51638,81319744.00
52861,60496576.00
54084,86741376.00
55311,60941132.00
56535,88986304.00
57758,74414656.00
58982,71999064.00
60205,83483792.00
61428,65390312.00
62652,87281296.00
63876,74763728.00
65099,70572280.00
66322,82805672.00
67546,58942104.00
68769,27484140.00
69993,54713.23
71216,17330.84
72439,8313.43
73662,5296.89
74886,3841.39
76108,2907.59
77332,2387.66
78555,1993.23
79778,1593.56
81001,1492.63
82225,1245.21
83447,1201.27
84671,1153.06
85894,1076.76
87117,990.32
88340,878.76
89563,853.84
90786,955.00
92009,946.47
93236,895.52
94458,733.26
95682,773.75
96905,854.54
98127,860.60
99351,834.93
100574,784.37
101797,753.81
103020,774.15
104244,859.79
105466,870.10
106690,844.35
107913,743.42
109136,823.87
110359,884.84
111583,930.79
112805,914.89
114029,883.46
115252,843.69
116474,884.73
117698,915.70
118921,859.89
120144,808.57
121367,763.39
122591,794.42
123813,900.34
125037,820.02
126260,823.90
127483,793.71
128706,804.06
129930,890.12
131152,839.80
132375,794.04
133599,748.60
134821,758.88
136048,850.10
137271,784.23
138494,783.64
139717,773.79
140941,794.14
142163,824.41
143387,819.37
144610,803.88
145833,783.64
147056,799.04
148280,824.16
149502,848.93
150725,818.62
151949,833.54
153171,818.78
154395,828.96
155618,819.12
156841,834.02
158064,823.84
159288,833.62
160510,803.90
161734,823.97
162957,814.12
164180,843.71
165403,813.58
166627,823.59
167849,834.05
169072,844.07
170296,843.97
171518,828.76
172742,823.67
173965,839.03
175188,843.90
176411,839.05
177638,879.42
178861,828.58
180084,813.94
181307,818.98
182531,819.19
183753,834.02
184977,823.62
186200,808.53
187422,798.73
188646,828.89
189869,829.04
191092,818.69
192315,818.54
193539,813.45
194761,798.69
195985,818.76
197208,833.75
198431,808.52
199654,818.50
200878,798.87
202100,818.55
203324,828.87
204547,848.83
205769,823.53
206993,818.34
208216,818.48
209439,829.46
210662,833.94
211886,823.40
213108,823.19
214332,823.16
215601,1547.38
216824,941.33
218047,889.46
219274,880.01
220496,859.25
221720,864.09
222943,828.73
224166,833.04
225389,797.98
226613,848.87
227835,848.84
229059,853.79
230282,853.32
231505,833.11
232728,838.32
233952,828.07
235174,843.56
236398,883.12
237621,848.24
238844,843.19
240067,848.44
241291,858.55
242513,858.64
243737,848.23
244960,848.12
246183,853.12
247406,853.18
248630,863.38
249852,868.40
251076,873.16
252300,862.90
253522,847.76
254746,853.20
255969,868.30
257192,878.46
258415,858.15
259639,872.77
260865,904.03
262088,878.29
263311,878.46
264535,893.24
265757,857.61
266981,877.79
268204,882.86
269427,863.32
270650,878.40
271874,913.06
273096,872.80
274320,887.78
275543,878.13
276766,888.08
277989,923.04
279213,887.75
280435,892.67
281659,902.82
282883,908.35
284105,903.22
285329,917.81
286552,892.58
287775,902.73
288998,908.07
290222,913.18
291444,892.92
292668,933.44
293891,897.67
295114,908.25
296337,928.20
297561,908.11
298783,912.73
300007,902.87
301230,887.66
302456,934.43
303679,913.07
304903,912.85
306125,897.51
307349,913.07
308572,898.16
309795,908.07
311018,913.13
312242,897.78
313465,882.72
314688,907.82
315912,908.05
317134,893.04
318358,912.76
319581,897.43
320804,897.56
322027,882.76
323251,903.01
324473,912.85
325697,922.65
326920,892.34
328143,892.52
329366,892.74
330590,897.85
331812,902.89
333036,917.77
334259,912.20
335482,887.40
336705,907.58
337929,918.08
339151,907.95
340375,898.02
341598,897.28
342821,902.40
344047,948.90
345271,918.00
346493,917.76
347717,912.58
348940,907.37
350163,887.64
351387,902.86
352610,913.24
353833,922.61
355056,907.33
356280,897.36
357502,907.51
358726,922.66
359949,907.49
361172,927.66
362395,922.10
363619,902.79
364841,912.45
366065,907.78
367288,917.80
368512,917.60
369735,917.55
370958,907.32
372182,902.32
373404,907.70
374628,927.70
375851,927.69
377074,917.47
378297,902.24
379521,902.32
380743,917.72
381967,922.74
383190,932.60
384413,917.33
385636,902.40
386863,959.06
388085,922.79
389309,937.91
390532,912.55
391755,907.48
392978,907.32
394202,932.66
395424,932.69
396648,912.62
397872,932.33
399094,912.27
400318,907.39
401541,952.66
402764,927.69
403987,932.56
405211,932.18
406433,932.05
407657,932.50
408880,942.71
410103,927.85
411326,952.68
412550,947.09
413772,922.12
414996,937.63
416219,947.45
417442,942.61
418665,947.40
419889,952.14
421111,936.92
422335,917.12
423558,937.73
424781,948.04
426005,947.61
427228,947.23
428454,978.54
429677,927.02
430901,942.69
432123,932.51
433347,927.12
434570,936.88
435793,931.97
437016,942.49
438240,947.71
439462,937.55
440686,952.25
441909,937.01
443132,927.13
444355,932.32
445579,932.64
446802,947.11
448025,962.23
449249,927.11
450471,946.97
451695,942.41
452918,942.54
454141,932.54
455364,942.23
456588,942.11
457810,926.79
459034,942.04
460257,957.10
461480,942.63
462703,937.49
463927,952.07
465149,927.26
466373,941.86
467597,912.76
468819,932.44
470046,983.47
471269,957.16
472493,967.20
473715,927.26
474939,952.65
476162,952.48
477385,957.25
478608,952.10
479832,951.94
481054,962.20
482278,952.56
483501,952.50
484724,977.37
485947,936.62
487171,936.96
488394,946.97
489617,957.21
490841,957.46
492063,947.65
493287,962.18
494510,952.18
495733,942.05
496956,952.14
498180,967.03
499402,947.54
500626,947.46
501849,947.32
503072,947.14
504295,937.13
505519,941.98
506742,947.12
507965,957.41
509189,962.46
510411,977.45
511638,983.33
512861,946.96
514084,937.42
515307,957.38
516531,972.57
517753,972.28
518977,962.14
520200,961.99
521423,947.01
522647,977.39
523870,967.68
525093,962.66
526316,972.09
527540,967.37
528762,951.92
529986,952.12
531209,962.11
532432,967.94
533655,972.06
534879,967.13
536101,962.03
537325,967.27
538548,952.27
539771,952.59
540994,962.43
542218,962.31
543441,942.17
544664,961.93
545888,967.05
547110,967.24
548334,977.37
549557,957.40
550780,967.13
552003,952.27
553230,983.43
554452,962.46
555676,982.38
556899,957.31
558123,957.10
559345,967.03
560569,946.97
561792,957.15
563015,972.33
564238,992.06
565462,952.26
566684,956.88
567908,941.97
569132,957.22
570354,972.50
571578,982.13
572801,977.45
574024,957.01
575247,971.79
576471,962.15
577693,966.93
578917,987.48
580140,972.32
581363,967.13
582586,956.99
583810,986.96
585032,967.09
586256,987.26
587480,992.08
588702,967.16
589926,967.01
591149,971.90
592372,987.06
593595,967.13
594822,988.50
596044,972.72
597268,957.31
598491,981.94
599714,977.06
600937,977.15
602161,992.43
603383,957.39
604607,977.13
605830,981.88
607053,962.09
608276,972.13
609500,972.42
610722,977.15
611946,972.12
613170,976.87
614392,952.12
615616,967.01
616839,967.24
618062,982.17
619285,962.15
620509,977.34
621731,971.85
622955,966.93
624178,962.19
625401,957.37
626624,982.43
627848,987.26
629070,987.06
630294,971.86
631517,976.91
632740,977.07
633963,977.33
635187,1001.99
636413,1023.48
637636,972.05
638860,981.97
640082,972.15
641306,962.47
642529,992.40
643752,972.12
644975,977.01
646199,991.80
647421,967.01
648645,977.15
649868,972.22
651091,977.11
652314,987.09
653538,966.87
654760,971.90
655984,972.01
657207,1002.01
658430,976.91
659654,972.12
660877,976.83
662100,976.98
663323,957.21
664612,1895.04
665836,1096.75
667059,1028.77
668282,1002.84
669506,992.79
670729,987.68
671952,1007.65
673175,992.50
674399,986.98
675621,962.13
676845,987.23
678071,1023.88
679294,1012.48
680518,967.03
681741,986.93
682964,977.21
684187,982.21
685411,992.54
686633,957.20
687857,976.96
689080,976.89
690304,982.02
691526,962.28
692750,987.39
693972,977.18
695196,977.14
696419,986.79
697643,986.92
698865,977.09
700089,982.26
701312,987.31
702535,972.12
703803,1567.99
705027,1050.03
706249,1018.61
707473,1008.11
708697,997.50
709919,982.09
711143,967.16
712366,987.19
713589,982.34
714812,987.66
716036,992.12
717258,987.08
718482,981.78
719708,1003.64
720931,997.56
722154,1002.55
723378,987.24
724601,981.96
725824,962.16
727048,971.77
728270,977.49
729494,992.15
730717,987.05
731940,976.87
733163,967.07
734387,957.19
735609,982.46
736833,977.30
738056,982.46
739279,981.69
740502,962.10
741771,1609.94
742994,1065.11
744218,1008.03
745441,1002.54
746664,992.57
747887,997.97
749111,992.65
750333,992.25
751557,976.85
752780,972.04
754003,971.97
755226,967.68
756450,992.27
757672,987.41
758896,981.80
760122,1003.48
761346,982.58
762569,992.22
763792,982.14
765016,976.89
766238,976.96
767462,997.11
768685,972.50
769908,992.15
771131,971.83
772355,982.12
773577,997.29
774801,992.43
776024,972.09
777247,967.03
778470,967.03
779694,977.10
780963,1600.09
782187,1050.02
783411,1003.57
784633,988.10
785857,992.75
787080,997.47
788303,992.10
789526,992.02
790750,992.22
791972,987.30
793196,997.53
794419,977.18
795642,987.18
796865,956.78
798089,982.17
799311,977.13
800535,1002.49
801762,1003.08
802984,972.01
804208,977.11
805431,992.39
806654,1007.47
807877,982.15
809101,981.76
810323,956.99
811547,976.92
812770,987.52
813993,982.30
815216,967.17
816440,971.83
817664,976.89
818934,1621.18
820157,1050.21
821381,1017.97
822603,1002.55
823827,987.72
825051,992.79
826273,992.62
827497,997.53
828720,972.09
829943,977.06
831166,972.22
832390,982.52
833612,992.51
834836,977.14
836059,971.91
837282,967.11
838505,962.07
839729,992.51
840951,987.38
842175,981.95
843401,1008.08
844624,972.41
845847,982.36
847071,972.12
848293,957.04
849517,966.77
850741,967.11
851963,967.24
853187,977.40
854410,967.10
855633,966.31
856856,961.92
858124,1587.81
859347,1055.19
860570,1008.45
861794,992.66
863016,967.16
864240,987.06
865463,967.24
866686,982.46
867910,987.43
869133,957.18
870356,971.94
871579,967.11
872803,952.25
874025,982.29
875249,967.16
876472,967.07
877696,961.89
878918,967.26
880142,947.06
881364,951.74
882588,962.43
883811,972.10
885038,998.29
886260,987.04
887484,972.20
888707,967.49
889930,972.10
891153,947.21
892377,956.89
893600,962.02
894823,951.92
896091,1583.31
897314,1044.89
898537,993.07
899761,987.77
900983,967.65
902207,972.86
903430,992.58
904653,987.28
905876,942.04
907100,952.13
908322,967.24
909546,977.19
910769,982.44
911992,972.28
913215,962.07
914439,972.04
915661,957.10
916885,957.22
918108,967.38
919331,957.20
920554,957.13
921778,961.99
923000,947.14
924224,962.12
925447,957.29
926673,988.50
927897,952.10
929120,952.14
930343,962.19
931566,952.35
932790,972.36
934012,972.34
935280,1551.79
936504,1030.08
937726,1008.62
938950,958.26
940173,982.62
941396,982.01
942619,967.19
943843,957.50
945065,967.34
946289,962.21
947512,957.05
948736,957.13
949958,947.05
951182,967.32
952404,977.16
953628,957.10
954851,932.28
956075,952.14
957297,957.33
958521,962.39
959745,962.04
960967,947.01
962191,932.10
963414,957.17
964637,952.36
965860,962.24
967084,967.08
968309,958.22
969533,952.18
970756,942.59
971979,947.63
973247,1546.64
974471,1024.98
975693,978.01
976917,983.16
978140,972.95
979363,952.52
980586,977.21
981810,952.08
983032,932.20
984256,947.47
985479,952.44
986702,947.40
987925,957.06
989149,927.03
990371,942.08
991595,947.44
992818,947.39
994041,947.32
995264,951.96
996488,936.88
997710,917.22
998934,947.38
1000157,957.45
1001380,947.63
1002604,952.10
1003827,951.96
1005050,962.37
1006273,952.34
1007497,947.44
1008722,978.53
1009946,942.15
1011169,941.94
1012438,1573.54
1013660,1025.41
1014884,988.28
1016108,957.33
1017330,957.53
1018554,952.35
1019777,957.74
1021000,947.54
1022223,957.34
1023447,942.05
1024670,947.14
1025893,947.22
1027117,942.64
1028339,932.50
1029563,947.30
1030786,947.04
1032009,936.88
1033232,937.28
1034456,937.55
1035679,937.53
1036902,942.25
1038126,932.12
1039348,936.88
1040572,922.28
1041795,942.61
1043018,942.38
1044242,927.13
1045465,926.89
1046688,936.98
1047914,963.35
1049138,972.53
1050405,1542.12
1051629,1010.16
1052853,983.73
1054075,953.07
1055299,947.34
1056522,937.40
1057745,932.58
1058968,942.59
1060192,937.55
1061415,952.12
1062638,941.89
1063862,917.24
1065084,937.55
1066308,942.45
1067531,917.32
1068754,931.80
1069977,942.08
1071201,922.38
1072424,947.38
1073647,937.37
1074871,932.14
1076093,931.84
1077317,942.07
1078540,912.57
1079763,942.18
1080986,937.17
1082210,931.87
1083433,922.07
1084656,937.32
1085880,902.45
1087106,948.29
1088329,922.11
1089598,1579.17
1090822,1015.25
1092044,967.98
1093268,932.60
1094491,947.59
1095714,952.77
1096938,937.55
1098161,932.33
1099384,922.04
1100607,922.19
1101831,932.45
1103053,937.54
1104277,947.19
1105500,922.40
1106723,911.97
1107947,912.20
1109170,927.58
1110393,932.48
1111616,922.50
1112840,922.16
1114062,921.97
1115286,907.27
1116509,932.54
1117732,917.54
1118956,907.32
1120179,931.92
1121402,907.28
1122625,907.24
1123849,917.26
1125071,927.63
1126298,948.29
1127585,1851.46
1128808,1067.22
1130032,979.14
1131254,948.07
1132478,942.59
1133702,927.58
1134924,917.58
1136148,947.64
1137371,927.74
1138594,927.42
1139817,932.23
1141041,912.20
1142263,897.21
1143487,942.65
1144711,927.47
1145933,927.35
1147205,1610.89
1148428,1020.59
1149651,958.34
1150874,952.44
1152098,932.60
1153321,932.60
1154544,927.69
1155768,952.26
1156990,922.55
1158214,917.06
1159437,917.62
1160660,927.51
1161883,912.64
1163107,902.09
1164331,917.10
1165556,928.45
1166827,1584.72
1168051,1005.15
1169273,943.35
1170497,938.22
1171720,933.25
1172943,957.34
1174167,917.42
1175390,922.09
1176613,912.46
1177836,927.69
1179060,922.59
1180282,902.54
1181506,906.92
1182729,897.20
1183952,902.40
1185175,922.60
1186501,2385.62
1187776,2013.64
1189051,1986.50
1190326,1981.39
1191601,1991.88
1192877,2029.24
1194099,1160.70
1195323,1030.61
1196547,995.19
1197769,984.43
1198993,969.09
1200217,973.43
1201439,948.20
1202663,938.07
1203889,989.94
1205139,1303.61
1206364,1004.93
1207586,973.62
1208810,953.37
1210033,943.27
1211256,937.66
1212480,932.57
1213703,922.53
1214926,922.86
1216149,957.90
1217373,917.66
1218595,917.54
1219819,912.31
1221042,912.68
1222265,907.97
1223488,927.66
1224712,927.56
1225934,907.24
1227158,902.28
1228382,902.86
1229604,927.69
1230828,907.65
1232051,917.49
1233274,902.32
1234497,896.88
1235721,927.57
1236943,917.58
1238167,917.51
1239390,887.26
1240613,907.23
1241836,907.75
1243063,948.56
1244286,912.36
1245509,907.21
1246733,918.08
1247955,902.82
1249179,922.31
1250402,897.06
1251625,902.44
1252848,897.33
1254072,907.67
1255294,897.16
1256518,897.45
1257741,887.26
1258964,887.73
1260187,902.50
1261411,902.48
1262635,877.24
1263857,882.66
1265081,887.42
1266304,902.58
1267527,897.40
1268750,887.23
1269974,882.25
1271197,882.35
1272420,917.44
1273644,912.46
1274866,877.07
1276090,887.21
1277313,877.38
1278536,877.67
1279759,902.74
1280983,897.30
1282208,923.36
1283432,887.48
1284656,927.69
1285878,907.67
1287102,897.12
1288326,882.20
1289548,887.26
1290772,897.92
1291996,887.58
1293218,897.45
1294442,882.28
1295666,867.47
1296888,877.67
1298112,892.71
1299336,897.37
1300558,892.12
1301782,877.38
1303006,877.67
1304228,892.66
1305452,892.33
1306676,907.01
1307898,882.28
1309122,872.64
1310346,917.74
1311568,887.41
1312792,887.21
1314016,872.39
1315238,877.36
1316462,887.83
1317686,877.47
1318908,877.24
1320132,877.28
1321359,923.68
1322582,877.90
1323805,907.32
1325029,877.28
1326252,867.63
1327475,877.84
1328699,867.76
1329922,882.44
1331145,867.29
1332369,877.50
1333592,862.69
1334815,887.88
1336039,862.48
1337262,867.34
1338485,877.28
1339709,882.33
1340932,887.58
1342155,887.70
1343379,892.30
1344602,857.39
1345825,872.30
1347049,872.45
1348272,887.53
1349495,862.71
1350719,877.42
1351942,867.29
1353165,867.50
1354389,867.66
1355612,867.75
1356835,867.57
1358059,882.26
1359282,862.35
1360508,918.41
1361732,877.43
1362955,877.22
1364178,862.47
1365401,872.49
1366625,867.70
1367848,867.39
1369071,852.17
1370295,877.43
1371518,867.53
1372741,857.57
1373965,877.41
1375188,857.14
1376411,862.32
1377635,857.45
1378859,862.65
1380081,842.76
1381305,867.66
1382529,867.29
1383751,862.14
1384975,852.43
1386199,867.68
1387421,867.66
1388645,867.24
1389869,862.37
1391091,862.39
1392315,857.46
1393539,852.57
1394761,867.83
1395985,862.60
1397209,857.59
1398431,857.36
1399658,873.75
1400882,842.77
1402104,872.99
1403328,857.62
1404552,872.59
1405774,852.33
1406998,847.43
1408222,842.48
1409444,847.78
1410668,862.67
1411892,852.64
1413114,857.55
1414338,857.14
1415562,847.57
1416784,842.67
1418008,847.78
1419232,862.83
1420455,867.61
1421678,847.35
1422902,832.56
1424125,817.50
1425348,852.68
1426572,857.62
1427795,847.71
1429018,857.50
1430242,837.02
1431465,857.43
1432688,852.35
1433912,857.70
1435136,852.68
1436358,857.56
1437582,857.40
1438809,878.66
1440031,857.74
1441255,837.84
1442479,872.50
1443701,847.53
1444925,832.60
1446149,857.49
1447371,842.61
1448595,852.89
1449818,847.70
1451041,847.75
1452265,847.27
1453488,847.38
1454711,842.67
1455935,857.60
1457158,857.81
1458381,857.67
1459605,852.47
1460828,847.15
1462051,832.94
1463275,847.75
1464498,862.73
1465721,847.63
1466945,852.45
1468168,842.39
1469391,837.52
1470615,847.65
1471838,842.61
1473061,847.76
1474285,827.79
1475508,832.10
1476731,822.33
1477958,878.78
1479181,842.70
1480404,852.72
1481628,837.58
1482851,842.06
1484075,837.40
1485298,822.40
1486521,842.85
1487745,837.74
1488968,842.56
1490191,832.48
1491415,827.49
1492638,812.55
1493861,842.59
1495085,852.88
1496308,837.69
1497531,842.59
1498755,812.37
1499978,827.54
1501201,842.67
1502425,847.85
1503648,827.79
1504871,827.69
1506095,832.34
1507318,822.38
1508541,832.45
1509765,847.78
1510988,852.81
1512211,827.69
1513435,827.27
1514658,817.40
1515881,832.43
1517108,858.99
1518331,847.66
1519554,812.33
1520778,827.37
1522001,827.66
1523224,832.76
1524448,837.80
1525671,847.72
1526894,827.65
1528118,827.40
1529341,817.48
1530564,822.66
1531788,837.81
1533011,842.73
1534234,822.75
1535458,812.46
1536681,817.44
1537904,822.90
1539128,818.10
1540352,837.80
1541574,832.66
1542798,817.44
1544022,817.58
1545244,818.05
1546468,833.00
1547692,847.73
1548914,812.71
1550138,812.56
1551362,822.66
1552584,828.08
1553808,833.00
1555032,827.63
1556257,863.80
1557481,837.90
1558705,843.09
1559927,838.10
1561151,857.77
1562375,822.75
1563597,837.43
1564821,813.02
1566045,838.19
1567267,838.14
1568491,818.09
1569715,837.69
1570937,832.61
1572161,822.92
1573385,843.11
1574607,843.22
1575831,832.99
1577070,1054.83
1578294,878.72
1579516,837.91
1580740,837.91
1581964,838.10
1583187,843.19
1584410,828.10
1585634,828.08
1586857,827.72
1588080,832.44
1589304,837.84
1590528,833.11
1591751,833.12
1592974,828.08
1594198,822.80
1595424,848.88
1596647,833.14
1597871,833.10
1599094,837.91
1600318,848.07
1601541,817.44
1602764,817.54
1603988,812.84
1605211,828.08
1606434,823.11
1607658,832.66
1608881,802.11
1610104,817.48
1611328,832.55
1612552,822.95
1613774,822.78
1614998,827.47
1616222,807.42
1617444,822.51
1618668,817.72
1619892,828.07
1621115,808.10
1622338,817.59
1623562,797.46
1624785,797.59
1626008,812.55
1627232,812.93
1628455,822.86
1629678,792.93
1630902,797.46
1632125,787.42
1633349,792.52
1634575,854.06
1635799,813.11
1637022,812.43
1638245,807.54
1639469,807.48
1640692,797.88
1641916,802.87
1643139,822.93
1644362,802.59
1645586,797.46
1646809,802.46
1648032,792.63
1649256,792.93
1650480,807.95
1651702,802.64
1652926,797.66
1654150,802.46
1655372,787.43
1656596,787.80
1657820,817.75
1659042,782.81
1660266,802.75
1661490,792.47
1662712,792.52
1663936,797.59
1665160,787.91
1666383,802.96
1667606,777.89
1668830,802.64
1670053,787.32
1671276,792.58
1672500,797.79
1673726,868.76
1674950,788.08
1676173,792.58
1677396,797.53
1678620,782.76
1679843,782.87
1681067,792.88
1682290,782.79
1683514,772.85
1684737,777.55
1685960,787.57
1687184,777.69
1688407,787.92
1689630,787.96
1690854,783.12
1692078,782.86
1693300,767.87
1694524,772.61
1695748,767.77
1696970,768.00
1698194,787.91
1699418,793.17
1700640,792.72
1701864,777.59
1703088,772.50
1704311,772.54
1705534,798.23
1706758,787.95
1707981,782.91
1709204,782.61
1710428,777.37
1711651,787.76
1712878,799.03
1714101,792.84
1715324,792.94
1716548,772.74
1717771,772.70
1718994,767.65
1720218,767.62
1721442,758.11
1722664,778.09
1723888,762.67
1725112,772.76
1726334,757.58
1727558,752.75
1728782,762.93
1730006,787.96
1731228,772.92
1732452,782.74
1733676,767.74
1734899,762.82
1736122,752.88
1737346,772.92
1738569,767.87
1739792,777.85
1741016,757.81
1742239,752.76
1743462,762.85
1744686,768.07
1745909,762.76
1747133,772.93
1748356,752.99
1749579,762.54
1750803,762.65
1752029,809.01
1753252,792.94
1754476,772.88
1755700,762.68
1756922,747.72
1758146,757.95
1759370,768.05
1760592,773.15
1761816,772.92
1763040,752.98
1764263,752.84
1765486,767.39
1766710,757.78
1767933,768.00
1769156,767.99
1770380,767.91
1771603,757.76
1772827,742.76
1774050,753.02
1775273,767.94
1776497,772.92
1777720,772.92
1778944,757.86
1780167,727.80
1781390,742.76
1782614,762.99
1783837,753.21
1785061,758.11
1786284,757.98
1787507,762.85
1788731,737.75
1789954,743.07
1791180,829.02
1792404,773.06
1793628,757.76
1794850,732.65
1796074,742.73
1797298,763.05
1798520,763.22
1799744,768.00
1800968,762.98
1802191,747.78
1803414,742.76
1804638,743.01
1805861,773.07
1807084,768.11
1808308,753.19
1809531,752.98
1810754,742.68
1811978,732.98
1813201,763.12
1814425,753.25
1815648,773.09
1816871,767.88
1818095,747.83
1819318,722.92
1820541,743.00
1821765,733.27
1822989,758.00
1824211,757.96
1825435,758.30
1826659,762.79
1827881,752.97
1829105,753.25
1830332,788.99
1831556,757.96
1832778,738.19
1834002,753.21
1835226,768.27
1836448,753.47
1837672,758.03
1838896,747.83
1840119,742.96
1841342,758.22
1842566,748.46
1843789,773.08
1845012,753.06
1846236,747.74
1847459,762.84
1848683,748.22
1849906,778.34
1851129,773.13
1852353,758.09
1853576,752.98
1854799,747.93
1856023,748.26
1857247,753.13
1858469,763.31
1859693,758.29
1860917,763.00
1862139,752.99
1863363,768.09
1864587,758.28
1865810,773.26
1867033,763.26
1868257,783.11
1869484,794.02
1870706,753.37
1871930,773.33
1873154,768.34
1874377,768.31
1875600,778.17
1876824,748.33
1878047,768.07
1879270,743.37
1880494,783.49
1881717,763.44
1882941,763.20
1884164,753.08
1885387,748.00
1886611,763.30
1887835,763.43
1889057,768.34
1890281,778.13
1891505,758.15
1892727,743.08
1893951,758.23
1895175,768.19
1896398,758.39
1897621,768.34
1898845,753.25
1900068,757.90
1901291,753.08
1902515,758.05
1903738,783.18
1904962,758.49
1906185,768.46
1907408,768.28
1908635,808.90
1909859,753.33
1911081,768.42
1912305,773.34
1913529,758.38
1914752,753.23
1915975,748.01
1917199,768.19
1918423,753.36
1919645,768.42
1920869,763.42
1922093,768.30
1923315,758.22
1924539,758.05
1925763,763.18
1926986,763.42
1928209,788.74
1929433,763.40
1930656,778.26
1931879,783.01
1933103,747.99
1934326,773.40
1935550,788.83
1936773,783.49
1937996,798.68
1939220,768.03
1940444,763.32
1941666,768.34
1942890,778.32
1944114,793.50
1945336,793.59
1946560,788.56
1947787,814.25
1949010,793.45
1950233,788.45
1951457,803.79
1952680,803.87
1953904,808.48
1955127,798.76
1956350,818.20
1957574,793.77
1958797,803.86
1960020,828.94
1961244,819.07
1962468,823.89
1963691,813.60
1964914,803.57
1966138,813.76
1967362,823.97
1968584,823.98
1969808,843.77
1971032,813.62
1972254,803.37
1973478,793.62
1974702,823.73
1975925,808.78
1977148,813.53
1978372,798.38
1979595,798.20
1980819,798.52
1982042,793.55
1983265,788.63
1984489,808.17
1985712,773.26
1986938,824.39
1988162,798.45
1989386,803.31
1990608,778.05
1991832,762.95
1993056,763.26
1994278,798.31
1995502,778.31
1996726,768.22
1997949,772.75
1999172,758.05
2000396,753.27
2001619,778.34
2002842,763.20
2004066,748.11
2005289,743.07
2006513,748.06
2007736,773.29
2008960,763.09
2010183,747.98
2011406,737.87
2012630,738.06
2013853,738.19
2015077,748.15
2016300,748.15
2017523,727.72
2018747,737.96
2019970,728.20
2021193,743.18
2022417,733.28
2023641,732.91
2024863,717.85
2026090,768.94
2027314,753.32
2028537,743.06
2029760,738.06
2030984,722.88
2032207,723.14
2033430,743.12
2034654,738.19
2035877,718.12
2037101,703.11
2038324,707.97
2039597,1465.03
2040820,845.12
2042044,773.99
2043267,748.59
2044490,758.52
2045714,738.33
2046937,733.16
2048160,713.06
2049384,728.07
2050607,718.29
2051830,743.06
2053054,728.29
2054277,718.12
2055500,708.09
2056724,698.30
2057947,713.06
2059170,718.24
2060394,708.22
2061617,723.07
2062840,697.90
2064064,698.07
2065290,754.08
2066513,728.05
2067737,708.15
2068960,698.09
2070183,698.14
2071407,698.13
2072630,728.30
2073853,698.36
2075077,697.98
2076300,692.92
2077523,683.02
2078747,688.12
2079970,713.30
2081193,708.24
2082417,698.20
2083640,683.06
2084864,687.86
2086087,673.26
2087310,688.10
2088534,703.16
2089757,708.13
2090980,688.05
2092204,678.12
2093427,668.14
2094650,683.14
2095874,698.22
2097097,698.20
2098320,683.08
2099544,677.94
2100767,668.13
2101990,678.17
2103214,688.14
2104440,723.93
2105663,678.09
2106887,673.26
2108110,683.20
2109333,688.37
2110557,683.19
2111780,668.11
2113003,668.16
2114227,678.33
2115450,683.45
2116673,698.06
2117897,663.11
2119120,668.15
2120344,673.35
2121567,678.49
2122790,678.13
2124014,663.11
2125237,663.18
2126460,668.28
2127684,673.29
2128907,668.21
2130130,653.19
2131354,668.05
2132577,658.39
2133800,668.39
2135024,673.22
2136247,658.09
2137470,658.22
2138694,668.26
2139917,673.37
2141140,668.36
2142364,663.17
2143590,698.92
2144814,668.36
2146037,658.49
2147260,658.20
2148484,653.13
2149707,648.28
2150931,658.39
2152154,668.39
2153377,653.28
2154600,648.22
2155824,653.27
2157047,643.54
2158271,658.43
2159494,653.36
2160717,648.22
2161941,653.27
2163164,668.15
2164387,653.51
2165611,648.37
2166834,653.14
2168057,643.29
2169281,638.44
2170504,648.46
2171727,658.42
2172951,663.12
2174174,638.34
2175397,628.36
2176621,638.40
2177845,663.52
2179067,648.42
2180291,653.10
2181515,628.31
2182740,699.08
2183964,663.64
2185188,653.27
2186411,633.44
2187634,643.35
2188858,648.46
2190081,653.42
2191304,643.46
2192528,638.30
2193751,633.36
2194974,638.44
2196198,658.52
2197422,628.53
2198644,638.52
2199868,618.39
2201092,633.42
2202314,648.49
2203538,648.46
2204762,628.61
2205984,628.41
2207208,623.34
2208432,633.55
2209654,638.55
2210878,643.51
2212102,633.55
2213325,623.50
2214548,613.42
2215772,638.39
2216995,653.27
2218218,633.60
2219442,638.42
2220665,623.55
2221891,664.23
2223115,643.63
2224338,643.56
2225561,638.46
2226785,623.45
2228008,618.31
2229231,608.73
2230455,618.55
2231678,623.60
2232901,638.66
2234125,618.53
2235348,608.48
2236571,613.49
2237795,613.66
2239019,628.64
2240242,623.62
2241465,603.23
2242689,608.54
2243912,603.64
2245135,623.68
2246359,613.44
2247582,618.56
2248805,608.44
2250029,613.50
2251252,613.60
2252475,613.69
2253699,618.61
2254922,608.53
2256145,603.54
2257369,608.51
2258592,623.67
2259815,623.69
2261042,664.21
2262265,603.54
2263488,603.64
2264712,613.59
2265935,618.72
2267159,608.57
2268382,598.65
2269605,593.58
2270829,608.50
2272052,618.72
2273275,613.75
2274499,603.54
2275722,588.49
2276945,573.61
2278169,618.55
2279392,613.81
2280615,603.70
2281839,603.68
2283063,598.49
2284285,593.63
2285509,608.58
2286733,613.75
2287955,613.48
2289179,593.50
2290403,598.48
2291625,588.70
2292849,618.72
2294073,603.63
2295296,603.54
2296519,583.61
2297743,603.39
2298966,593.62
2300192,649.41
2301416,598.29
2302639,593.52
2303862,588.68
2305086,603.79
2306310,613.77
2307532,603.82
2308756,603.57
2309980,583.87
2311202,588.68
2312426,593.69
2313650,608.80
2314872,603.60
2316096,583.59
2317320,578.71
2318543,583.72
2319766,608.86
2320990,598.86
2322213,573.95
2323436,578.64
2324660,578.74
2325883,583.84
2327106,608.88
2328330,598.93
2329553,588.60
2330776,578.63
2332000,578.74
2333223,578.71
2334446,593.78
2335670,588.79
2336893,583.70
2338117,568.78
2339343,634.37
2340567,608.86
2341790,588.79
2343013,578.85
2344237,578.70
2345460,578.79
2346683,603.89
2347907,593.96
2349130,578.79
2350353,588.43
2351577,573.77
2352800,578.79
2354024,588.74
2355247,583.78
2356470,588.51
2357694,573.80
2358917,563.67
2360140,583.75
2361364,588.74
2362587,583.78
2363810,578.82
2365034,568.79
2366257,568.83
2367480,583.78
2368704,593.73
2369928,578.79
2371150,553.99
2372374,568.86
2373598,573.78
2374820,588.75
2376044,588.68
2377268,558.89
2378493,609.45
2379717,599.01
2380941,583.92
2382163,578.79
2383387,558.89
2384611,563.67
2385833,568.91
2387057,578.82
2388281,593.78
2389504,573.80
2390727,559.01
2391951,563.89
2393174,578.69
2394397,578.74
2395621,583.87
2396845,568.86
2398067,558.86
2399291,563.89
2400515,563.92
2401737,578.97
2402961,573.85
2404185,568.86
2405407,549.05
2406631,558.93
2407855,563.92
2409077,578.84
2410301,573.84
2411525,568.86
2412748,553.92
2413971,548.86
2415195,568.87
2416418,573.92
2417644,609.41
2418868,563.89
2420091,573.86
2421314,573.78
2422538,563.86
2423761,573.80
2424984,563.90
2426208,548.92
2427431,543.96
2428655,563.92
2429878,554.03
2431101,583.75
2432325,554.04
2433548,538.95
2434771,548.92
2435995,558.80
2437218,563.86
2438441,563.99
2439665,549.11
2440888,538.86
2442112,534.04
2443335,553.86
2444559,568.90
2445782,568.96
2447005,544.07
2448229,538.85
2449452,543.98
2450675,553.95
2451899,568.94
2453122,573.85
2454345,544.07
2455569,538.95
2456795,609.15
2458018,563.99
2459242,563.89
2460465,544.07
2461688,529.00
2462912,553.82
2464135,558.98
2465358,559.07
2466582,568.88
2467806,544.07
2469028,534.00
2470252,534.04
2471476,543.87
2472698,558.98
2473922,548.92
2475146,544.07
2476368,529.00
2477592,529.00
2478816,548.90
2480038,554.02
2481262,554.04
2482486,544.07
2483708,529.00
2484932,534.04
2486156,553.86
2487379,558.98
2488617,817.72
2489841,594.07
2491065,574.53
2492288,538.98
2493511,544.12
2494735,558.98
2495962,589.53
2497184,539.16
2498408,543.95
2499632,558.95
2500854,558.98
2502078,554.04
2503302,539.12
2504524,538.89
2505748,533.94
2506972,553.86
2508194,549.08
2509418,538.99
2510642,524.17
2511864,519.03
2513088,533.95
2514312,538.90
2515535,554.04
2516758,534.16
2517982,534.08
2519204,519.08
2520428,524.02
2521652,529.00
2522874,543.93
2524098,543.96
2525322,544.11
2526545,533.99
2527768,509.15
2528992,524.02
2530215,534.04
2531438,543.86
2532662,544.12
2533884,534.04
2535122,746.36
2536348,624.40
2537574,584.30
2538800,594.23
2540025,594.38
2541251,584.34
2542476,574.37
2543702,584.30
2544927,579.33
2546153,564.30
2547379,584.30
2548604,574.21
2549830,579.46
2551056,574.37
2552282,584.30
2553506,584.33
2554732,569.36
2555958,579.31
2557184,604.28
2558409,584.32
2559635,574.37
2560861,589.25
2562086,584.30
2563312,569.41
2564537,599.26
2565763,599.15
2566988,579.36
2568214,559.38
2569440,574.17
2570665,579.34
2571891,564.27
2573117,574.17
2574346,649.83
2575570,569.23
2576796,579.31
2578022,579.31
2579248,579.36
2580473,569.23
2581699,579.16
2582925,599.53
2584150,559.51
2585375,574.37
2586601,589.32
2587827,579.36
2589052,564.27
2590278,574.17
2591504,589.25
2592729,569.45
2593954,559.52
2595180,579.31
2596406,584.30
2597632,564.27
2598857,564.27
2600083,589.25
2601308,584.30
2602533,549.30
2603759,569.16
2604985,589.20
2606211,564.46
2607436,574.26
2608661,584.30
2609887,579.36
2611112,554.38
2612338,589.13
2613567,605.03
2614793,574.37
2616018,584.30
2617243,574.43
2618469,554.34
2619695,579.16
2620920,564.44
2622146,539.36
2623372,569.21
2624598,574.22
2625822,554.55
2627048,564.40
2628274,579.36
2629499,559.57
2630725,549.42
2631951,579.16
2633177,574.37
2634401,549.26
2635627,559.23
2636853,579.36
2638078,549.45
2639304,549.38
2640530,584.30
2641756,564.39
2642981,559.25
2644206,569.16
2645432,579.36
2646658,534.39
2647883,544.29
2649109,579.36
2650335,569.44
2651559,539.31
2652788,629.86
2654014,569.44
2655240,544.40
2656465,554.28
2657691,554.35
2658917,544.48
2660142,539.36
2661367,564.28
2662593,564.22
2663819,529.42
2665044,539.36
2666270,569.40
2667496,549.45
2668721,539.35
2669946,549.24
2671172,569.41
2672398,549.47
2673624,539.35
2674849,569.23
2676075,569.23
2677300,529.48
2678525,539.46
2679751,579.36
2680977,544.45
2682203,524.51
2683428,544.20
2684654,559.32
2685879,539.47
2687105,539.35
2688330,569.23
2689556,554.39
2690782,534.42
2692011,619.69
2693236,564.49
2694461,539.56
2695687,539.36
2696912,579.36
2698138,549.45
2699364,539.36
2700590,564.32
2701815,549.41
2703040,544.48
2704266,534.42
2705491,574.18
2706717,549.41
2707943,529.29
2709169,544.29
2710394,564.46
2711619,529.49
2712845,539.39
2714071,564.27
2715296,544.41
2716522,534.42
2717748,539.35
2718972,569.45
2720198,529.56
2721424,544.29
2722650,554.22
2723875,559.29
2725101,529.44
2726327,544.30
2727553,554.48
2728777,529.49
2730003,524.57
2731232,604.92
2732457,539.47
2733683,529.28
2734909,559.32
2736135,549.48
2737359,534.42
2738585,544.29
2739811,549.42
2741037,509.68
2742262,534.41
2743488,549.34
2744714,529.49
2745938,529.38
2747164,549.38
2748390,529.49
2749616,524.47
2750841,549.34
2752067,534.42
2753293,524.51
2754518,524.50
2755743,544.38
2756969,524.55
2758195,519.38
2759420,534.42
2760646,529.48
2761872,534.37
2763097,524.31
2764322,534.42
2765548,519.38
2766774,534.40
2768000,534.42
2769225,529.49
2770454,565.10
2771679,554.39
2772904,539.43
2774130,524.51
2775356,544.29
2776582,529.49
2777807,529.47
2779033,524.51
2780258,539.36
2781484,529.49
2782709,514.43
2783935,529.44
2785161,534.42
2786386,529.49
2787612,519.38
2788837,534.32
2790063,534.42
2791288,519.56
2792514,529.44
2793740,539.47
2794966,539.40
2796191,509.47
2797417,539.35
2798642,529.42
2799867,514.54
2801093,524.50
2802319,539.41
2803545,524.55
2804770,514.43
2805995,529.29
2807221,529.49
2808446,509.49
2809675,589.57
2810901,534.42
2812127,519.56
2813352,514.43
2814578,539.37
2815803,529.49
2817029,504.57
2818254,524.31
2819480,529.49
2820706,509.70
2821932,504.53
2823156,529.29
2824382,534.42
2825608,504.74
2826833,509.49
2828059,534.42
2829285,524.51
2830511,494.49
2831735,519.36
2832961,534.42
2834187,499.63
2835412,509.49
2836638,529.44
2837864,524.49
2839089,499.61
2840314,519.36
2841540,524.53
2842766,509.70
2843992,494.56
2845217,529.49
2846443,519.62
2847669,494.49
2848897,579.89
2850122,519.62
2851348,504.56
2852574,524.36
2853799,514.65
2855025,499.49
2856250,529.29
2857476,524.52
2858701,494.49
2859927,529.25
2861153,509.60
2862379,494.49
2863604,519.27
2864829,524.36
2866055,489.56
2867280,524.31
2868506,524.55
2869732,499.53
2870958,504.55
2872183,524.51
2873408,489.68
2874634,509.47
2875859,534.43
2877085,494.68
2878311,494.49
2879537,524.49
2880762,509.70
2881987,504.42
2883213,529.48
2884439,499.64
2885664,489.64
2886890,519.38
2888119,549.84
2889345,509.46
2890569,534.50
2891795,494.81
2893021,494.49
2894246,519.44
2895472,509.71
2896698,484.64
2897924,524.36
2899148,499.61
2900374,504.36
2901600,509.34
2902825,519.44
2904051,484.64
2905277,509.32
2906503,514.43
2907727,484.64
2908953,499.53
2910179,524.51
2911405,489.64
2912630,484.45
2913856,519.38
2915081,499.61
2916306,499.43
2917532,514.38
2918758,514.43
2919984,484.64
2921209,494.49
2922435,529.52
2923660,494.68
2924886,479.59
2926111,519.38
2927340,564.95
2928566,514.46
2929792,524.51
2931017,509.50
2932242,484.64
2933468,514.37
2934693,489.46
2935919,484.64
2937145,494.49
2938371,509.51
2939596,494.68
2940821,484.64
2942047,514.43
2943272,499.64
2944498,474.75
2945724,509.34
2946950,504.53
2948175,484.64
2949401,514.50
2950669,1212.31
2951895,629.74
2953120,559.45
2954346,549.45
2955572,534.54
2956796,514.50
2958022,534.42
2959248,529.44
2960474,489.68
2961699,494.49
2962925,519.38
2964151,499.64
2965376,484.64
2966604,564.80
2967830,514.65
2969056,484.64
2970281,499.43
2971507,509.49
2972733,484.64
2973958,489.58
2975183,499.64
2976409,499.64
2977635,484.64
2978861,504.45
2980086,504.57
2981312,484.64
2982537,494.49
2983762,499.55
2984988,479.72
2986214,494.49
2987440,509.66
2988665,484.64
2989891,484.64
2991116,504.57
2992342,479.72
2993567,479.67
2994793,499.45
2996019,489.68
2997244,474.78
2998470,494.49
2999695,494.59
3000921,479.72
3002146,484.64
3003372,499.53
3004598,474.41
3005827,530.03
3007052,519.36
3008277,494.61
3009503,479.67
3010728,479.67
3011954,499.61
3013180,479.72
3014406,479.52
3015631,504.44
3016856,484.64
3018082,479.72
3019308,499.62
3020533,499.49
3021759,479.79
3022985,489.62
3024210,489.79
3025436,479.72
3026661,479.52
3027887,484.45
3029112,484.69
3030338,474.75
3031564,489.64
3032790,494.72
3034015,479.72
3035240,474.60
3036466,479.69
3037691,479.72
3038917,474.75
3040143,489.57
3041369,484.64
3042594,474.60
3043819,494.31
3045048,535.05
3046274,489.59
3047499,489.57
3048725,474.83
3049951,474.75
3051176,489.56
3052402,479.67
3053627,469.48
3054853,474.60
3056078,494.49
3057304,479.72
3058530,459.74
3059756,489.37
3060980,484.64
3062206,445.09
3063432,464.63
